,Asset_Name,timestamp,Close,Close_diff,%Change
9520,Monero,2018-01-01,329.46,,
9521,Monero,2018-01-02,340.345,10.885000000000048,0.03303891215929111
9522,Monero,2018-01-03,365.16,24.814999999999998,0.07291131058190947
9523,Monero,2018-01-04,385.03,19.869999999999948,0.05441450323146002
9524,Monero,2018-01-05,371.0,-14.029999999999973,-0.03643871906085239
9525,Monero,2018-01-06,356.125,-14.875,-0.04009433962264153
9526,Monero,2018-01-07,391.845,35.72000000000003,0.10030186030186039
9527,Monero,2018-01-08,397.41,5.564999999999998,0.014202044175630757
9528,Monero,2018-01-09,401.285,3.875,0.009750635363981797
9529,Monero,2018-01-10,410.0,8.714999999999975,0.021717731786635275
9530,Monero,2018-01-11,403.05,-6.949999999999989,-0.016951219512195137
9531,Monero,2018-01-12,352.38,-50.670000000000016,-0.12571641235578712
9532,Monero,2018-01-13,389.0,36.620000000000005,0.10392190249162847
9533,Monero,2018-01-14,415.12,26.120000000000005,0.06714652956298206
9534,Monero,2018-01-15,392.61,-22.50999999999999,-0.05422528425515516
9535,Monero,2018-01-16,413.405,20.79499999999996,0.052966047731845656
9536,Monero,2018-01-17,316.215,-97.19,-0.23509633410336117
9537,Monero,2018-01-18,320.33,4.115000000000009,0.013013297914393762
9538,Monero,2018-01-19,310.855,-9.474999999999966,-0.029578871788468075
9539,Monero,2018-01-20,366.775,55.91999999999996,0.1798909459394249
9540,Monero,2018-01-21,382.2,15.425000000000011,0.042055756253834176
9541,Monero,2018-01-22,347.04,-35.15999999999997,-0.0919937205651491
9542,Monero,2018-01-23,314.44,-32.60000000000002,-0.09393729829414488
9543,Monero,2018-01-24,307.31,-7.1299999999999955,-0.02267523215875844
9544,Monero,2018-01-25,319.025,11.714999999999975,0.038121115485991286
9545,Monero,2018-01-26,315.47,-3.55499999999995,-0.01114332732544454
9546,Monero,2018-01-27,322.85,7.3799999999999955,0.023393666592703033
9547,Monero,2018-01-28,323.685,0.8349999999999795,0.0025863404057611117
9548,Monero,2018-01-29,334.21,10.524999999999977,0.03251618085484331
9549,Monero,2018-01-30,315.68,-18.529999999999973,-0.05544418180186106
9550,Monero,2018-01-31,273.08,-42.60000000000002,-0.13494678155093776
9551,Monero,2018-02-01,273.81,0.7300000000000182,0.002673209315951386
9552,Monero,2018-02-02,242.99,-30.819999999999993,-0.11255980424381873
9553,Monero,2018-02-03,238.32,-4.670000000000016,-0.019218897897032905
9554,Monero,2018-02-04,252.35,14.030000000000001,0.058870426317556124
9555,Monero,2018-02-05,216.5,-35.849999999999994,-0.14206459282742223
9556,Monero,2018-02-06,178.025,-38.474999999999994,-0.17771362586605077
9557,Monero,2018-02-07,209.4,31.375,0.17623929223423684
9558,Monero,2018-02-08,207.07,-2.3300000000000125,-0.011127029608405059
9559,Monero,2018-02-09,246.17,39.099999999999994,0.18882503501231462
9560,Monero,2018-02-10,257.67,11.500000000000028,0.04671568428321904
9561,Monero,2018-02-11,246.24,-11.430000000000007,-0.04435906391896616
9562,Monero,2018-02-12,227.95,-18.29000000000002,-0.07427712800519826
9563,Monero,2018-02-13,247.635,19.685000000000002,0.0863566571616583
9564,Monero,2018-02-14,232.91,-14.724999999999994,-0.059462515395642734
9565,Monero,2018-02-15,274.47,41.56000000000003,0.1784380232707914
9566,Monero,2018-02-16,295.03,20.559999999999945,0.07490800451779767
9567,Monero,2018-02-17,292.16,-2.8699999999999477,-0.009727824289055165
9568,Monero,2018-02-18,320.38,28.21999999999997,0.09659090909090895
9569,Monero,2018-02-19,293.33,-27.05000000000001,-0.08443098820151074
9570,Monero,2018-02-20,314.0,20.670000000000016,0.07046670984897552
9571,Monero,2018-02-21,297.34,-16.660000000000025,-0.05305732484076442
9572,Monero,2018-02-22,306.97,9.630000000000052,0.032387166207035856
9573,Monero,2018-02-23,272.64,-34.33000000000004,-0.1118350327393558
9574,Monero,2018-02-24,277.19,4.550000000000011,0.016688673708920243
9575,Monero,2018-02-25,265.75,-11.439999999999998,-0.04127133013456474
9576,Monero,2018-02-26,276.935,11.185000000000002,0.04208842897460019
9577,Monero,2018-02-27,290.36,13.425000000000011,0.048477079459078976
9578,Monero,2018-02-28,299.22,8.860000000000014,0.030513844882215313
9579,Monero,2018-03-01,284.135,-15.085000000000036,-0.050414410801417175
9580,Monero,2018-03-02,311.87,27.735000000000014,0.09761205060974532
9581,Monero,2018-03-03,343.36,31.49000000000001,0.10097155866226326
9582,Monero,2018-03-04,349.0,5.639999999999986,0.01642590866728799
9583,Monero,2018-03-05,368.0,19.0,0.054441260744985565
9584,Monero,2018-03-06,366.24,-1.759999999999991,-0.0047826086956521685
9585,Monero,2018-03-07,342.94,-23.30000000000001,-0.06361948449104415
9586,Monero,2018-03-08,335.405,-7.535000000000025,-0.021971773488073776
9587,Monero,2018-03-09,275.12,-60.28499999999997,-0.1797379287726777
9588,Monero,2018-03-10,285.63,10.509999999999991,0.038201512067461474
9589,Monero,2018-03-11,253.4,-32.22999999999999,-0.11283828729475187
9590,Monero,2018-03-12,279.85,26.450000000000017,0.10438042620363075
9591,Monero,2018-03-13,256.605,-23.245000000000005,-0.08306235483294622
9592,Monero,2018-03-14,247.68,-8.925000000000011,-0.03478108376687905
9593,Monero,2018-03-15,213.39,-34.29000000000002,-0.13844476744186052
9594,Monero,2018-03-16,211.64,-1.75,-0.008200946623553085
9595,Monero,2018-03-17,213.805,2.1650000000000205,0.010229635229635381
9596,Monero,2018-03-18,194.93,-18.875,-0.08828137789106894
9597,Monero,2018-03-19,209.36,14.430000000000007,0.07402657364182019
9598,Monero,2018-03-20,215.71,6.349999999999994,0.030330531142529482
9599,Monero,2018-03-21,223.29,7.579999999999984,0.03513977098882748
9600,Monero,2018-03-22,216.67,-6.6200000000000045,-0.02964754355322674
9601,Monero,2018-03-23,210.91,-5.759999999999991,-0.026584206396824572
9602,Monero,2018-03-24,214.68,3.7700000000000102,0.01787492295291826
9603,Monero,2018-03-25,206.09,-8.590000000000003,-0.040013042668157306
9604,Monero,2018-03-26,210.66,4.569999999999993,0.02217477800960732
9605,Monero,2018-03-27,195.47,-15.189999999999998,-0.07210671223772902
9606,Monero,2018-03-28,186.35,-9.120000000000005,-0.04665677597585305
9607,Monero,2018-03-29,198.68,12.330000000000013,0.06616581701100088
9608,Monero,2018-03-30,174.81,-23.870000000000005,-0.12014294342661569
9609,Monero,2018-03-31,172.4,-2.4099999999999966,-0.013786396659229982
9610,Monero,2018-04-01,178.09,5.689999999999998,0.03300464037122963
9611,Monero,2018-04-02,174.54,-3.5500000000000114,-0.019933741366724766
9612,Monero,2018-04-03,176.33,1.7900000000000205,0.010255528818609028
9613,Monero,2018-04-04,188.52,12.189999999999998,0.06913174162082458
9614,Monero,2018-04-05,168.92,-19.600000000000023,-0.10396774877997039
9615,Monero,2018-04-06,171.9,2.980000000000018,0.017641487094482766
9616,Monero,2018-04-07,161.2,-10.700000000000017,-0.062245491564863364
9617,Monero,2018-04-08,169.02,7.820000000000022,0.04851116625310192
9618,Monero,2018-04-09,174.0,4.97999999999999,0.029463968761093362
9619,Monero,2018-04-10,166.19,-7.810000000000002,-0.04488505747126437
9620,Monero,2018-04-11,165.58,-0.6099999999999852,-0.0036704976232022624
9621,Monero,2018-04-12,168.99,3.4099999999999966,0.02059427467085384
9622,Monero,2018-04-13,193.11,24.120000000000005,0.1427303390733179
9623,Monero,2018-04-14,189.07,-4.0400000000000205,-0.02092071876132784
9624,Monero,2018-04-15,190.3,1.2300000000000182,0.006505527053472404
9625,Monero,2018-04-16,200.9,10.599999999999994,0.05570152390961636
9626,Monero,2018-04-17,194.03,-6.8700000000000045,-0.03419611747137885
9627,Monero,2018-04-18,195.05,1.0200000000000102,0.005256919033139296
9628,Monero,2018-04-19,228.61,33.56,0.17205844655216618
9629,Monero,2018-04-20,237.71,9.099999999999994,0.03980578277415692
9630,Monero,2018-04-21,272.695,34.984999999999985,0.14717512935930332
9631,Monero,2018-04-22,255.57,-17.125,-0.06279909789325067
9632,Monero,2018-04-23,268.7,13.129999999999995,0.051375357045036596
9633,Monero,2018-04-24,283.03,14.329999999999984,0.05333085225158163
9634,Monero,2018-04-25,292.335,9.305000000000007,0.032876373529307834
9635,Monero,2018-04-26,256.305,-36.02999999999997,-0.12324901226332796
9636,Monero,2018-04-27,267.5,11.194999999999993,0.04367842999551308
9637,Monero,2018-04-28,250.775,-16.724999999999994,-0.06252336448598128
9638,Monero,2018-04-29,260.89,10.11499999999998,0.04033496161898098
9639,Monero,2018-04-30,256.02,-4.8700000000000045,-0.01866687109509757
9640,Monero,2018-05-01,241.46,-14.559999999999974,-0.056870556987735243
9641,Monero,2018-05-02,239.335,-2.125,-0.00880062950385152
9642,Monero,2018-05-03,250.03,10.694999999999993,0.0446863183404016
9643,Monero,2018-05-04,244.975,-5.055000000000007,-0.0202175738911331
9644,Monero,2018-05-05,241.95,-3.0250000000000057,-0.012348198795795517
9645,Monero,2018-05-06,241.11,-0.839999999999975,-0.0034717916924983383
9646,Monero,2018-05-07,234.92,-6.190000000000026,-0.025672929368338204
9647,Monero,2018-05-08,232.84,-2.079999999999984,-0.008854077983994513
9648,Monero,2018-05-09,222.52,-10.319999999999993,-0.044322281394949314
9649,Monero,2018-05-10,227.14,4.619999999999976,0.020762178680567844
9650,Monero,2018-05-11,216.98,-10.159999999999997,-0.04473012239147656
9651,Monero,2018-05-12,196.84,-20.139999999999986,-0.09281961471103317
9652,Monero,2018-05-13,201.07,4.22999999999999,0.02148953464742931
9653,Monero,2018-05-14,207.535,6.465000000000003,0.03215298154871449
9654,Monero,2018-05-15,212.91,5.375,0.02589924591032844
9655,Monero,2018-05-16,202.78,-10.129999999999995,-0.04757878915973879
9656,Monero,2018-05-17,198.76,-4.02000000000001,-0.019824440280106548
9657,Monero,2018-05-18,190.18,-8.579999999999984,-0.0431676393640571
9658,Monero,2018-05-19,203.575,13.394999999999982,0.07043327374066655
9659,Monero,2018-05-20,197.34,-6.234999999999985,-0.030627532850300843
9660,Monero,2018-05-21,203.6,6.259999999999991,0.0317219012871186
9661,Monero,2018-05-22,198.09,-5.509999999999991,-0.027062868369351678
9662,Monero,2018-05-23,175.225,-22.86500000000001,-0.11542733101115654
9663,Monero,2018-05-24,170.97,-4.2549999999999955,-0.024283064631188456
9664,Monero,2018-05-25,171.12,0.15000000000000568,0.0008773469029654812
9665,Monero,2018-05-26,164.45,-6.670000000000016,-0.03897849462365599
9666,Monero,2018-05-27,164.6,0.15000000000000568,0.0009121313469140357
9667,Monero,2018-05-28,166.14,1.539999999999992,0.00935601458080182
9668,Monero,2018-05-29,149.71,-16.42999999999998,-0.09889250030095087
9669,Monero,2018-05-30,157.49,7.780000000000001,0.05196713646383011
9670,Monero,2018-05-31,154.48,-3.0100000000000193,-0.01911232459203771
9671,Monero,2018-06-01,155.33,0.8500000000000227,0.00550233039875736
9672,Monero,2018-06-02,157.52,2.1899999999999977,0.014099015000321957
9673,Monero,2018-06-03,162.3,4.780000000000001,0.030345352971051343
9674,Monero,2018-06-04,169.02,6.719999999999999,0.04140480591497231
9675,Monero,2018-06-05,159.68,-9.340000000000003,-0.055259732576026566
9676,Monero,2018-06-06,167.23,7.549999999999983,0.04728206412825631
9677,Monero,2018-06-07,164.56,-2.6699999999999875,-0.015966034802367912
9678,Monero,2018-06-08,163.8,-0.7599999999999909,-0.004618376276130265
9679,Monero,2018-06-09,158.4,-5.400000000000006,-0.03296703296703296
9680,Monero,2018-06-10,154.4,-4.0,-0.025252525252525304
9681,Monero,2018-06-11,139.53,-14.870000000000005,-0.0963082901554404
9682,Monero,2018-06-12,137.99,-1.539999999999992,-0.01103705296352031
9683,Monero,2018-06-13,124.84,-13.150000000000006,-0.09529676063482861
9684,Monero,2018-06-14,121.61,-3.230000000000004,-0.025873117590515915
9685,Monero,2018-06-15,132.85,11.239999999999995,0.09242660965381133
9686,Monero,2018-06-16,121.69,-11.159999999999997,-0.08400451637184791
9687,Monero,2018-06-17,126.6,4.909999999999997,0.04034842632919711
9688,Monero,2018-06-18,123.2,-3.3999999999999915,-0.026856240126382214
9689,Monero,2018-06-19,126.925,3.7249999999999943,0.030235389610389518
9690,Monero,2018-06-20,126.17,-0.7549999999999955,-0.00594839472129205
9691,Monero,2018-06-21,122.5,-3.6700000000000017,-0.029087738765158133
9692,Monero,2018-06-22,123.31,0.8100000000000023,0.006612244897959307
9693,Monero,2018-06-23,110.25,-13.060000000000002,-0.10591192928391857
9694,Monero,2018-06-24,114.82,4.569999999999993,0.041451247165532834
9695,Monero,2018-06-25,121.1,6.280000000000001,0.054694304128200644
9696,Monero,2018-06-26,126.81,5.710000000000008,0.04715111478117273
9697,Monero,2018-06-27,119.89,-6.920000000000002,-0.05456982887784878
9698,Monero,2018-06-28,128.63,8.739999999999995,0.07290015847860531
9699,Monero,2018-06-29,116.36,-12.269999999999996,-0.09538987794449194
9700,Monero,2018-06-30,126.5,10.14,0.08714334822963221
9701,Monero,2018-07-01,131.03,4.530000000000001,0.035810276679841824
9702,Monero,2018-07-02,130.32,-0.710000000000008,-0.005418606426009331
9703,Monero,2018-07-03,140.87,10.550000000000011,0.08095457335788847
9704,Monero,2018-07-04,138.63,-2.240000000000009,-0.01590118549016828
9705,Monero,2018-07-05,138.99,0.36000000000001364,0.002596840510711962
9706,Monero,2018-07-06,137.67,-1.3200000000000216,-0.009497086121303844
9707,Monero,2018-07-07,132.91,-4.759999999999991,-0.03457543400886176
9708,Monero,2018-07-08,134.25,1.3400000000000034,0.010082010382965967
9709,Monero,2018-07-09,137.62,3.3700000000000045,0.025102420856610852
9710,Monero,2018-07-10,135.0,-2.6200000000000045,-0.019037930533352787
9711,Monero,2018-07-11,120.9,-14.099999999999994,-0.10444444444444445
9712,Monero,2018-07-12,124.79,3.8900000000000006,0.03217535153019013
9713,Monero,2018-07-13,120.59,-4.200000000000003,-0.03365654299222698
9714,Monero,2018-07-14,121.64,1.0499999999999972,0.00870718965088324
9715,Monero,2018-07-15,123.0,1.3599999999999994,0.011180532719500258
9716,Monero,2018-07-16,124.01,1.0100000000000051,0.00821138211382122
9717,Monero,2018-07-17,134.96,10.950000000000003,0.08829933069913709
9718,Monero,2018-07-18,143.89,8.929999999999978,0.06616775340841707
9719,Monero,2018-07-19,139.53,-4.359999999999985,-0.030300924317186673
9720,Monero,2018-07-20,139.25,-0.28000000000000114,-0.0020067369024582282
9721,Monero,2018-07-21,129.93,-9.319999999999993,-0.06692998204667855
9722,Monero,2018-07-22,132.02,2.0900000000000034,0.016085584545524556
9723,Monero,2018-07-23,128.18,-3.8400000000000034,-0.029086502045144735
9724,Monero,2018-07-24,133.59,5.409999999999997,0.04220627242939612
9725,Monero,2018-07-25,147.36,13.77000000000001,0.10307657758814281
9726,Monero,2018-07-26,143.62,-3.740000000000009,-0.02538002171552667
9727,Monero,2018-07-27,136.73,-6.890000000000015,-0.04797381980225601
9728,Monero,2018-07-28,140.58,3.8500000000000227,0.028157683024939928
9729,Monero,2018-07-29,140.4,-0.18000000000000682,-0.001280409731113985
9730,Monero,2018-07-30,135.58,-4.819999999999993,-0.034330484330484246
9731,Monero,2018-07-31,131.765,-3.815000000000026,-0.0281383684909281
9732,Monero,2018-08-01,122.02,-9.74499999999999,-0.0739574242021781
9733,Monero,2018-08-02,128.2,6.179999999999993,0.050647434846746275
9734,Monero,2018-08-03,122.09,-6.109999999999985,-0.047659906396255725
9735,Monero,2018-08-04,120.19,-1.9000000000000057,-0.015562290113850463
9736,Monero,2018-08-05,113.94,-6.25,-0.05200099841916961
9737,Monero,2018-08-06,117.48,3.5400000000000063,0.031068983675618833
9738,Monero,2018-08-07,113.17,-4.310000000000002,-0.036687095675859704
9739,Monero,2018-08-08,107.555,-5.614999999999995,-0.04961562251480067
9740,Monero,2018-08-09,94.63,-12.925000000000011,-0.12017107526381865
9741,Monero,2018-08-10,100.17,5.540000000000006,0.058543802176899584
9742,Monero,2018-08-11,91.533,-8.637,-0.0862234201856843
9743,Monero,2018-08-12,93.091,1.5579999999999927,0.017021183616837465
9744,Monero,2018-08-13,92.91,-0.18099999999999739,-0.001944334038736284
9745,Monero,2018-08-14,87.602,-5.307999999999993,-0.057130556452480774
9746,Monero,2018-08-15,84.253,-3.3490000000000038,-0.03822972078263054
9747,Monero,2018-08-16,89.31,5.057000000000002,0.06002160160469061
9748,Monero,2018-08-17,91.1275,1.8174999999999955,0.020350464673608792
9749,Monero,2018-08-18,99.604,8.476500000000001,0.093018024196867
9750,Monero,2018-08-19,97.916,-1.6880000000000024,-0.016947110557808953
9751,Monero,2018-08-20,98.713,0.796999999999997,0.008139629886841693
9752,Monero,2018-08-21,92.38,-6.332999999999998,-0.06415568364855695
9753,Monero,2018-08-22,94.685,2.305000000000007,0.02495128815760994
9754,Monero,2018-08-23,89.7065,-4.978499999999997,-0.05257960606220624
9755,Monero,2018-08-24,89.979,0.27249999999999375,0.0030376840028314422
9756,Monero,2018-08-25,93.51,3.531000000000006,0.03924248991431334
9757,Monero,2018-08-26,92.42,-1.0900000000000034,-0.011656507325419785
9758,Monero,2018-08-27,94.7305,2.3105000000000047,0.025000000000000133
9759,Monero,2018-08-28,105.36,10.629499999999993,0.11220778946590593
9760,Monero,2018-08-29,107.44,2.0799999999999983,0.019741837509491322
9761,Monero,2018-08-30,103.56,-3.8799999999999955,-0.036113179448994726
9762,Monero,2018-08-31,103.25,-0.3100000000000023,-0.0029934337582078197
9763,Monero,2018-09-01,116.21,12.959999999999994,0.12552058111380138
9764,Monero,2018-09-02,121.1,4.890000000000001,0.04207899492298428
9765,Monero,2018-09-03,119.945,-1.1550000000000011,-0.00953757225433527
9766,Monero,2018-09-04,134.88,14.935000000000002,0.12451540289299268
9767,Monero,2018-09-05,138.18,3.3000000000000114,0.02446619217081869
9768,Monero,2018-09-06,114.995,-23.185000000000002,-0.1677883919525257
9769,Monero,2018-09-07,117.27,2.2749999999999915,0.01978346884647153
9770,Monero,2018-09-08,110.88,-6.390000000000001,-0.05448963929393702
9771,Monero,2018-09-09,103.81,-7.069999999999993,-0.06376262626262619
9772,Monero,2018-09-10,105.13,1.3199999999999932,0.012715538002119109
9773,Monero,2018-09-11,105.72,0.5900000000000034,0.005612099305621676
9774,Monero,2018-09-12,105.16,-0.5600000000000023,-0.00529701097237989
9775,Monero,2018-09-13,104.35,-0.8100000000000023,-0.007702548497527606
9776,Monero,2018-09-14,112.29,7.940000000000012,0.07609008145663654
9777,Monero,2018-09-15,115.92,3.6299999999999955,0.03232701041944952
9778,Monero,2018-09-16,118.6,2.6799999999999926,0.02311939268461005
9779,Monero,2018-09-17,117.41,-1.1899999999999977,-0.010033726812816224
9780,Monero,2018-09-18,105.81,-11.599999999999994,-0.09879908014649519
9781,Monero,2018-09-19,111.62,5.810000000000002,0.054909743880540596
9782,Monero,2018-09-20,109.55,-2.0700000000000074,-0.018545063608672363
9783,Monero,2018-09-21,115.8,6.25,0.05705157462345967
9784,Monero,2018-09-22,124.47,8.670000000000002,0.07487046632124361
9785,Monero,2018-09-23,122.53,-1.9399999999999977,-0.015586085000401706
9786,Monero,2018-09-24,122.26,-0.269999999999996,-0.0022035419897167285
9787,Monero,2018-09-25,115.0,-7.260000000000005,-0.059381645673155625
9788,Monero,2018-09-26,116.775,1.7750000000000057,0.015434782608695796
9789,Monero,2018-09-27,114.91,-1.865000000000009,-0.01597088417897674
9790,Monero,2018-09-28,119.11,4.200000000000003,0.0365503437472805
9791,Monero,2018-09-29,117.16,-1.9500000000000028,-0.016371421375199424
9792,Monero,2018-09-30,114.42,-2.739999999999995,-0.02338682144076476
9793,Monero,2018-10-01,115.85,1.4299999999999926,0.012497815067295859
9794,Monero,2018-10-02,114.55,-1.2999999999999972,-0.011221406991799743
9795,Monero,2018-10-03,116.3,1.75,0.015277171540811763
9796,Monero,2018-10-04,114.71,-1.5900000000000034,-0.013671539122957932
9797,Monero,2018-10-05,114.64,-0.06999999999999318,-0.0006102345044023405
9798,Monero,2018-10-06,115.6,0.9599999999999937,0.008374040474528943
9799,Monero,2018-10-07,115.23,-0.36999999999999034,-0.0032006920415224016
9800,Monero,2018-10-08,113.72,-1.5100000000000051,-0.013104226329948787
9801,Monero,2018-10-09,113.52,-0.20000000000000284,-0.0017587055926837625
9802,Monero,2018-10-10,113.92,0.4000000000000057,0.0035236081747709314
9803,Monero,2018-10-11,115.27,1.3499999999999943,0.0118504213483146
9804,Monero,2018-10-12,100.96,-14.310000000000002,-0.12414331569358894
9805,Monero,2018-10-13,101.6,0.6400000000000006,0.006339144215530945
9806,Monero,2018-10-14,104.03,2.430000000000007,0.02391732283464565
9807,Monero,2018-10-15,99.96,-4.070000000000007,-0.03912332980870914
9808,Monero,2018-10-16,110.11,10.150000000000006,0.10154061624649868
9809,Monero,2018-10-17,111.75,1.6400000000000006,0.014894196712378571
9810,Monero,2018-10-18,109.53,-2.219999999999999,-0.01986577181208049
9811,Monero,2018-10-19,102.15,-7.3799999999999955,-0.06737880032867705
9812,Monero,2018-10-20,105.98,3.8299999999999983,0.037493881546744934
9813,Monero,2018-10-21,106.0,0.01999999999999602,0.00018871485185889547
9814,Monero,2018-10-22,107.04,1.0400000000000063,0.009811320754717023
9815,Monero,2018-10-23,108.0,0.9599999999999937,0.008968609865470878
9816,Monero,2018-10-24,110.18,2.180000000000007,0.020185185185185306
9817,Monero,2018-10-25,108.31,-1.8700000000000045,-0.016972227264476336
9818,Monero,2018-10-26,107.79,-0.519999999999996,-0.004801034068876331
9819,Monero,2018-10-27,105.165,-2.625,-0.024352908433064258
9820,Monero,2018-10-28,104.65,-0.5150000000000006,-0.004897066514524817
9821,Monero,2018-10-29,105.26,0.6099999999999994,0.005828953655040658
9822,Monero,2018-10-30,101.87,-3.3900000000000006,-0.03220596617898541
9823,Monero,2018-10-31,103.42,1.5499999999999972,0.015215470697948374
9824,Monero,2018-11-01,105.5,2.0799999999999983,0.02011216399149096
9825,Monero,2018-11-02,104.93,-0.5699999999999932,-0.0054028436018956905
9826,Monero,2018-11-03,106.015,1.0849999999999937,0.010340226817878495
9827,Monero,2018-11-04,107.32,1.3049999999999926,0.012309578833183954
9828,Monero,2018-11-05,113.52,6.200000000000003,0.05777115169586278
9829,Monero,2018-11-06,112.495,-1.0249999999999915,-0.009029245947850484
9830,Monero,2018-11-07,113.78,1.2849999999999966,0.011422729899106532
9831,Monero,2018-11-08,112.325,-1.4549999999999983,-0.01278783617507473
9832,Monero,2018-11-09,108.705,-3.6200000000000045,-0.032227910082350375
9833,Monero,2018-11-10,106.93,-1.7749999999999915,-0.016328595740766172
9834,Monero,2018-11-11,105.43,-1.5,-0.01402786869914896
9835,Monero,2018-11-12,107.1167,1.6866999999999877,0.01599829270606068
9836,Monero,2018-11-13,106.49,-0.6266999999999996,-0.005850628333397112
9837,Monero,2018-11-14,106.77,0.28000000000000114,0.002629354869001732
9838,Monero,2018-11-15,93.5455,-13.224499999999992,-0.12385969841715827
9839,Monero,2018-11-16,90.11,-3.4355000000000047,-0.036725443768006016
9840,Monero,2018-11-17,88.02,-2.0900000000000034,-0.023193874153812022
9841,Monero,2018-11-18,89.335,1.3149999999999977,0.014939786412178968
9842,Monero,2018-11-19,89.365,0.030000000000001137,0.00033581463032406056
9843,Monero,2018-11-20,73.5985,-15.766499999999994,-0.17642813181894468
9844,Monero,2018-11-21,67.06,-6.538499999999999,-0.08884012581778156
9845,Monero,2018-11-22,69.721,2.6610000000000014,0.03968088279153004
9846,Monero,2018-11-23,65.971,-3.75,-0.05378580341647421
9847,Monero,2018-11-24,67.949,1.9779999999999944,0.029982871261614807
9848,Monero,2018-11-25,58.5467,-9.402299999999997,-0.13837289732004887
9849,Monero,2018-11-26,59.267,0.7203000000000017,0.012302999144272908
9850,Monero,2018-11-27,54.379,-4.888000000000005,-0.08247422680412375
9851,Monero,2018-11-28,58.406,4.027000000000001,0.07405432244064802
9852,Monero,2018-11-29,63.672,5.265999999999998,0.09016196966065126
9853,Monero,2018-11-30,61.5437,-2.128299999999996,-0.03342599572810645
9854,Monero,2018-12-01,58.4195,-3.124200000000002,-0.050763928720567675
9855,Monero,2018-12-02,59.9605,1.541000000000004,0.0263781785191588
9856,Monero,2018-12-03,59.35,-0.6105000000000018,-0.010181702954445093
9857,Monero,2018-12-04,54.574,-4.776000000000003,-0.08047177759056445
9858,Monero,2018-12-05,57.2165,2.6425000000000054,0.04842049327518616
9859,Monero,2018-12-06,52.0315,-5.185000000000002,-0.09062071255669257
9860,Monero,2018-12-07,46.3333,-5.6982,-0.10951442875950146
9861,Monero,2018-12-08,46.9245,0.5912000000000006,0.012759721409871583
9862,Monero,2018-12-09,45.1545,-1.7700000000000031,-0.0377201675031168
9863,Monero,2018-12-10,47.2103,2.055799999999998,0.04552813119401167
9864,Monero,2018-12-11,44.4405,-2.7697999999999965,-0.05866940053335812
9865,Monero,2018-12-12,42.4385,-2.0020000000000024,-0.04504899809858132
9866,Monero,2018-12-13,43.961,1.5225000000000009,0.03587544328852332
9867,Monero,2018-12-14,41.2735,-2.6875,-0.0611337321716976
9868,Monero,2018-12-15,38.745,-2.528500000000001,-0.06126206888197028
9869,Monero,2018-12-16,39.01,0.26500000000000057,0.0068395922054458325
9870,Monero,2018-12-17,39.432,0.42200000000000415,0.01081773904127159
9871,Monero,2018-12-18,44.024,4.591999999999999,0.11645364171231476
9872,Monero,2018-12-19,47.1233,3.0992999999999995,0.07040023623478109
9873,Monero,2018-12-20,45.9135,-1.2098000000000013,-0.025673074678556063
9874,Monero,2018-12-21,54.8573,8.943800000000003,0.19479673734304725
9875,Monero,2018-12-22,51.974,-2.8833000000000055,-0.05256000568748376
9876,Monero,2018-12-23,52.0965,0.12250000000000227,0.0023569477046216925
9877,Monero,2018-12-24,53.085,0.9885000000000019,0.018974403270853202
9878,Monero,2018-12-25,56.3405,3.255499999999998,0.0613261750023546
9879,Monero,2018-12-26,50.592,-5.7485,-0.10203139837239639
9880,Monero,2018-12-27,48.28,-2.3119999999999976,-0.045698924731182755
9881,Monero,2018-12-28,45.17,-3.1099999999999994,-0.06441590720795354
9882,Monero,2018-12-29,50.2875,5.1175,0.11329422182864723
9883,Monero,2018-12-30,48.0885,-2.198999999999998,-0.04372856077554055
9884,Monero,2018-12-31,48.8935,0.8049999999999997,0.016739969015461043
9885,Monero,2019-01-01,47.112,-1.7815000000000012,-0.036436336118297996
9886,Monero,2019-01-02,48.9685,1.856499999999997,0.03940609611139401
9887,Monero,2019-01-03,53.993,5.024500000000003,0.10260677782656202
9888,Monero,2019-01-04,50.0625,-3.930500000000002,-0.07279647361695041
9889,Monero,2019-01-05,50.9335,0.8710000000000022,0.017398252184769092
9890,Monero,2019-01-06,50.583,-0.3505000000000038,-0.0068815219845485
9891,Monero,2019-01-07,56.343,5.760000000000005,0.11387224957001374
9892,Monero,2019-01-08,54.189,-2.1540000000000035,-0.03823012619136368
9893,Monero,2019-01-09,54.051,-0.13799999999999812,-0.002546642307479363
9894,Monero,2019-01-10,53.331,-0.7199999999999989,-0.013320752622523191
9895,Monero,2019-01-11,45.813,-7.518000000000001,-0.1409686673791979
9896,Monero,2019-01-12,45.5525,-0.2605000000000004,-0.0056861589505162735
9897,Monero,2019-01-13,45.556,0.0034999999999953957,7.683442182093714e-05
9898,Monero,2019-01-14,43.513,-2.0429999999999993,-0.04484590394240051
9899,Monero,2019-01-15,46.476,2.963000000000001,0.06809459242065596
9900,Monero,2019-01-16,44.63,-1.8459999999999965,-0.039719425079610904
9901,Monero,2019-01-17,46.566,1.936,0.0433788931212189
9902,Monero,2019-01-18,45.503,-1.0630000000000024,-0.022827814285100723
9903,Monero,2019-01-19,44.8573,-0.6456999999999979,-0.014190273168802059
9904,Monero,2019-01-20,45.9305,1.0732,0.023924756951488435
9905,Monero,2019-01-21,43.745,-2.1855000000000047,-0.04758276091050617
9906,Monero,2019-01-22,44.3375,0.5925000000000011,0.01354440507486565
9907,Monero,2019-01-23,45.61,1.2725000000000009,0.02870031012122931
9908,Monero,2019-01-24,44.54,-1.0700000000000003,-0.02345976759482571
9909,Monero,2019-01-25,46.094,1.554000000000002,0.03488998652896269
9910,Monero,2019-01-26,47.0025,0.9084999999999965,0.019709723608278606
9911,Monero,2019-01-27,45.761,-1.241499999999995,-0.026413488644220995
9912,Monero,2019-01-28,46.19,0.42899999999999494,0.009374795131225078
9913,Monero,2019-01-29,43.604,-2.5859999999999985,-0.0559861441870535
9914,Monero,2019-01-30,42.92,-0.6839999999999975,-0.015686634253738174
9915,Monero,2019-01-31,43.8,0.8799999999999955,0.02050326188257201
9916,Monero,2019-02-01,43.43,-0.36999999999999744,-0.00844748858447486
9917,Monero,2019-02-02,43.823,0.3930000000000007,0.009049044439327636
9918,Monero,2019-02-03,43.5545,-0.26850000000000307,-0.006126919654062979
9919,Monero,2019-02-04,42.84,-0.7144999999999939,-0.01640473429840761
9920,Monero,2019-02-05,42.6917,-0.1483000000000061,-0.0034617180205417375
9921,Monero,2019-02-06,43.6455,0.9538000000000011,0.022341579276533796
9922,Monero,2019-02-07,43.12,-0.525500000000001,-0.012040187419092518
9923,Monero,2019-02-08,43.712,0.5920000000000059,0.013729128014842384
9924,Monero,2019-02-09,48.5155,4.8035,0.10988973279648606
9925,Monero,2019-02-10,48.48,-0.03550000000000608,-0.0007317249126569392
9926,Monero,2019-02-11,50.09,1.6100000000000065,0.03320957095709587
9927,Monero,2019-02-12,48.279,-1.811,-0.03615492114194452
9928,Monero,2019-02-13,48.53,0.25099999999999767,0.005198947782679708
9929,Monero,2019-02-14,49.0067,0.476700000000001,0.009822790026787542
9930,Monero,2019-02-15,46.4657,-2.541000000000004,-0.05185005315599711
9931,Monero,2019-02-16,47.1723,0.7066000000000017,0.015206916069272713
9932,Monero,2019-02-17,46.52,-0.6522999999999968,-0.013828030433114313
9933,Monero,2019-02-18,48.201,1.6809999999999974,0.03613499570077372
9934,Monero,2019-02-19,51.67,3.469000000000001,0.07196946121449765
9935,Monero,2019-02-20,52.0025,0.332499999999996,0.006435068705244795
9936,Monero,2019-02-21,51.49,-0.5124999999999957,-0.009855295418489396
9937,Monero,2019-02-22,50.0865,-1.403500000000001,-0.02725771994562054
9938,Monero,2019-02-23,51.29,1.2034999999999982,0.024028430814690527
9939,Monero,2019-02-24,54.138,2.847999999999999,0.055527393254045654
9940,Monero,2019-02-25,47.215,-6.922999999999995,-0.12787690716317546
9941,Monero,2019-02-26,48.42,1.2049999999999983,0.025521550354760114
9942,Monero,2019-02-27,47.93,-0.490000000000002,-0.010119785212722054
9943,Monero,2019-02-28,48.73,0.7999999999999972,0.016691007719590978
9944,Monero,2019-03-01,47.78,-0.9499999999999957,-0.01949517750872143
9945,Monero,2019-03-02,48.31,0.5300000000000011,0.011092507325240808
9946,Monero,2019-03-03,48.46,0.14999999999999858,0.003104947215897269
9947,Monero,2019-03-04,48.78,0.3200000000000003,0.006603384234420195
9948,Monero,2019-03-05,47.562,-1.2180000000000035,-0.02496924969249703
9949,Monero,2019-03-06,49.6495,2.0875000000000057,0.04389008031621899
9950,Monero,2019-03-07,50.0947,0.4451999999999998,0.00896685767228278
9951,Monero,2019-03-08,50.426,0.3312999999999988,0.006613474080092274
9952,Monero,2019-03-09,49.27,-1.1559999999999988,-0.022924681711815276
9953,Monero,2019-03-10,50.1255,0.8554999999999993,0.01736350720519586
9954,Monero,2019-03-11,49.57,-0.5555000000000021,-0.011082183718865712
9955,Monero,2019-03-12,49.15,-0.4200000000000017,-0.00847286665321767
9956,Monero,2019-03-13,50.13,0.980000000000004,0.019938962360122048
9957,Monero,2019-03-14,50.28,0.14999999999999858,0.0029922202274086374
9958,Monero,2019-03-15,51.0627,0.7826999999999984,0.015566825775656268
9959,Monero,2019-03-16,53.109,2.0463000000000022,0.040074261643038955
9960,Monero,2019-03-17,53.725,0.6159999999999997,0.011598787399499155
9961,Monero,2019-03-18,52.41,-1.3150000000000048,-0.024476500697999115
9962,Monero,2019-03-19,52.8,0.39000000000000057,0.0074413279908414065
9963,Monero,2019-03-20,54.49,1.6900000000000048,0.03200757575757596
9964,Monero,2019-03-21,55.86,1.3699999999999974,0.0251422279317306
9965,Monero,2019-03-22,53.128,-2.7319999999999993,-0.04890798424633014
9966,Monero,2019-03-23,52.78,-0.347999999999999,-0.0065502183406113135
9967,Monero,2019-03-24,52.9775,0.197499999999998,0.003741947707464943
9968,Monero,2019-03-25,52.65,-0.32750000000000057,-0.006181869661648798
9969,Monero,2019-03-26,50.975,-1.6749999999999972,-0.03181386514719842
9970,Monero,2019-03-27,51.68,0.7049999999999983,0.013830308974987604
9971,Monero,2019-03-28,53.4612,1.7811999999999983,0.03446594427244576
9972,Monero,2019-03-29,52.7,-0.7611999999999952,-0.014238363523452424
9973,Monero,2019-03-30,53.55,0.8499999999999943,0.016129032258064502
9974,Monero,2019-03-31,53.47,-0.0799999999999983,-0.0014939309056956063
9975,Monero,2019-04-01,56.05,2.5799999999999983,0.04825135590050489
9976,Monero,2019-04-02,60.04,3.990000000000002,0.07118644067796609
9977,Monero,2019-04-03,68.9755,8.935499999999998,0.14882578281145897
9978,Monero,2019-04-04,65.9417,-3.0337999999999994,-0.04398373335459693
9979,Monero,2019-04-05,64.006,-1.935699999999997,-0.029354717879581438
9980,Monero,2019-04-06,68.94,4.9339999999999975,0.07708652313845565
9981,Monero,2019-04-07,67.9,-1.039999999999992,-0.015085581665216008
9982,Monero,2019-04-08,69.7763,1.8763000000000005,0.027633284241531664
9983,Monero,2019-04-09,70.45,0.6736999999999966,0.009655140785624905
9984,Monero,2019-04-10,67.715,-2.7349999999999994,-0.038821859474804765
9985,Monero,2019-04-11,70.8,3.0849999999999937,0.04555859115410166
9986,Monero,2019-04-12,65.94,-4.859999999999999,-0.06864406779661014
9987,Monero,2019-04-13,65.59,-0.3499999999999943,-0.005307855626326852
9988,Monero,2019-04-14,65.167,-0.4230000000000018,-0.0064491538344260135
9989,Monero,2019-04-15,66.29,1.1230000000000047,0.01723264842635075
9990,Monero,2019-04-16,63.9135,-2.376500000000007,-0.03585005279831055
9991,Monero,2019-04-17,68.489,4.575500000000005,0.07158894443271002
9992,Monero,2019-04-18,67.13,-1.3590000000000089,-0.019842602461709324
9993,Monero,2019-04-19,68.9645,1.8345000000000056,0.0273275733651126
9994,Monero,2019-04-20,68.2,-0.7644999999999982,-0.011085413509849262
9995,Monero,2019-04-21,69.29,1.0900000000000034,0.01598240469208223
9996,Monero,2019-04-22,68.195,-1.095000000000013,-0.015803146197142626
9997,Monero,2019-04-23,68.19,-0.0049999999999954525,-7.331915829600355e-05
9998,Monero,2019-04-24,68.548,0.3580000000000041,0.005250036662267199
9999,Monero,2019-04-25,67.7075,-0.8405000000000058,-0.012261481006010433
10000,Monero,2019-04-26,61.61,-6.097499999999997,-0.09005649300299079
10001,Monero,2019-04-27,62.365,0.7550000000000026,0.012254504138938582
10002,Monero,2019-04-28,63.04,0.6749999999999972,0.010823378497554659
10003,Monero,2019-04-29,61.97,-1.0700000000000003,-0.016973350253807085
10004,Monero,2019-04-30,61.15,-0.8200000000000003,-0.013232209133451689
10005,Monero,2019-05-01,64.2955,3.1455000000000055,0.05143908421913346
10006,Monero,2019-05-02,65.8735,1.578000000000003,0.02454293068721758
10007,Monero,2019-05-03,65.9617,0.08819999999998629,0.0013389299187076542
10008,Monero,2019-05-04,67.43,1.4683000000000135,0.02225988717695282
10009,Monero,2019-05-05,68.34,0.9099999999999966,0.013495476790745808
10010,Monero,2019-05-06,66.79,-1.5499999999999972,-0.02268071407667538
10011,Monero,2019-05-07,67.42,0.6299999999999955,0.009432549782901534
10012,Monero,2019-05-08,66.3002,-1.119799999999998,-0.01660931474339955
10013,Monero,2019-05-09,68.125,1.8247999999999962,0.027523295555669458
10014,Monero,2019-05-10,65.59,-2.5349999999999966,-0.03721100917431186
10015,Monero,2019-05-11,68.96,3.3699999999999903,0.05137978350358274
10016,Monero,2019-05-12,78.021,9.061000000000007,0.13139501160092815
10017,Monero,2019-05-13,75.714,-2.307000000000002,-0.02956896220248395
10018,Monero,2019-05-14,79.49,3.7759999999999962,0.049871886309004854
10019,Monero,2019-05-15,83.245,3.7550000000000097,0.0472386463706127
10020,Monero,2019-05-16,94.455,11.209999999999994,0.13466274250705745
10021,Monero,2019-05-17,87.065,-7.390000000000001,-0.07823831454131602
10022,Monero,2019-05-18,82.768,-4.296999999999997,-0.04935393097111351
10023,Monero,2019-05-19,79.52,-3.2480000000000047,-0.039242219215155694
10024,Monero,2019-05-20,89.885,10.365000000000009,0.13034456740442657
10025,Monero,2019-05-21,87.125,-2.760000000000005,-0.030705901985870865
10026,Monero,2019-05-22,88.7375,1.6124999999999972,0.018507890961262596
10027,Monero,2019-05-23,83.005,-5.732500000000002,-0.06460064797858855
10028,Monero,2019-05-24,84.91,1.9050000000000011,0.0229504246732124
10029,Monero,2019-05-25,85.275,0.3650000000000091,0.0042986691791309095
10030,Monero,2019-05-26,86.655,1.3799999999999955,0.016182937554969135
10031,Monero,2019-05-27,91.38,4.724999999999994,0.05452657088454216
10032,Monero,2019-05-28,97.4877,6.107700000000008,0.06683847669074194
10033,Monero,2019-05-29,95.789,-1.6987000000000023,-0.017424762303346997
10034,Monero,2019-05-30,93.71,-2.0790000000000077,-0.021703953481088778
10035,Monero,2019-05-31,91.785,-1.9249999999999972,-0.020542097961796957
10036,Monero,2019-06-01,93.219,1.4339999999999975,0.015623467886909603
10037,Monero,2019-06-02,93.22,0.0010000000000047748,1.072742681218486e-05
10038,Monero,2019-06-03,94.85,1.6299999999999955,0.017485518129156885
10039,Monero,2019-06-04,87.883,-6.966999999999999,-0.07345282024248811
10040,Monero,2019-06-05,83.64,-4.242999999999995,-0.04828009967798086
10041,Monero,2019-06-06,84.7457,1.1056999999999988,0.013219751315160178
10042,Monero,2019-06-07,86.675,1.9292999999999978,0.022765756846659935
10043,Monero,2019-06-08,87.82,1.144999999999996,0.013210268243438072
10044,Monero,2019-06-09,87.2713,-0.5486999999999966,-0.00624800728763375
10045,Monero,2019-06-10,83.3,-3.9712999999999994,-0.04550522336667384
10046,Monero,2019-06-11,86.935,3.635000000000005,0.043637454981992896
10047,Monero,2019-06-12,86.345,-0.5900000000000034,-0.00678667970322655
10048,Monero,2019-06-13,90.2962,3.9512,0.04576061150037636
10049,Monero,2019-06-14,89.5768,-0.7193999999999932,-0.00796711268026773
10050,Monero,2019-06-15,90.435,0.8581999999999965,0.009580605692545374
10051,Monero,2019-06-16,94.935,4.5,0.04975949577044281
10052,Monero,2019-06-17,96.052,1.1170000000000044,0.011765945120345567
10053,Monero,2019-06-18,98.68,2.628,0.027360179902552684
10054,Monero,2019-06-19,96.45,-2.230000000000004,-0.0225982975273612
10055,Monero,2019-06-20,100.34,3.8900000000000006,0.04033177812338007
10056,Monero,2019-06-21,105.03,4.689999999999998,0.04674108032688862
10057,Monero,2019-06-22,109.8,4.769999999999996,0.045415595544130216
10058,Monero,2019-06-23,115.24,5.439999999999998,0.04954462659380687
10059,Monero,2019-06-24,115.435,0.1950000000000074,0.0016921207913920266
10060,Monero,2019-06-25,117.9667,2.5317000000000007,0.021931823103911396
10061,Monero,2019-06-26,112.1467,-5.820000000000007,-0.049335956672518666
10062,Monero,2019-06-27,104.1775,-7.969200000000001,-0.07106049486966626
10063,Monero,2019-06-28,95.9383,-8.239199999999997,-0.07908809483813684
10064,Monero,2019-06-29,101.5075,5.569199999999995,0.058049809096054394
10065,Monero,2019-06-30,100.0967,-1.4107999999999947,-0.013898480407851577
10066,Monero,2019-07-01,88.783,-11.313699999999997,-0.11302770221196101
10067,Monero,2019-07-02,88.895,0.11199999999999477,0.0012615027651690092
10068,Monero,2019-07-03,86.666,-2.228999999999999,-0.025074526126328767
10069,Monero,2019-07-04,90.01,3.3440000000000083,0.0385849121916324
10070,Monero,2019-07-05,87.6645,-2.3455000000000013,-0.02605821575380518
10071,Monero,2019-07-06,89.505,1.8404999999999916,0.020994815461218508
10072,Monero,2019-07-07,94.425,4.920000000000002,0.054968996145466686
10073,Monero,2019-07-08,107.1975,12.772500000000008,0.1352660841938047
10074,Monero,2019-07-09,101.5933,-5.604200000000006,-0.05227920427248778
10075,Monero,2019-07-10,99.47,-2.1233000000000004,-0.02090000029529504
10076,Monero,2019-07-11,94.893,-4.576999999999998,-0.04601387352970743
10077,Monero,2019-07-12,89.71,-5.183000000000007,-0.05461941344461663
10078,Monero,2019-07-13,98.115,8.405000000000001,0.09369078140675513
10079,Monero,2019-07-14,93.6412,-4.473799999999997,-0.04559751312235638
10080,Monero,2019-07-15,86.0763,-7.564899999999994,-0.08078602153752834
10081,Monero,2019-07-16,88.7593,2.6829999999999927,0.031170020086829897
10082,Monero,2019-07-17,74.3433,-14.415999999999997,-0.16241678336805265
10083,Monero,2019-07-18,76.775,2.4317000000000064,0.03270906725959177
10084,Monero,2019-07-19,84.019,7.244,0.0943536307391728
10085,Monero,2019-07-20,82.09,-1.929000000000002,-0.02295909258620077
10086,Monero,2019-07-21,85.1605,3.0704999999999956,0.03740406870507984
10087,Monero,2019-07-22,84.35,-0.8105000000000047,-0.009517323172127945
10088,Monero,2019-07-23,83.3133,-1.0366999999999962,-0.012290456431535257
10089,Monero,2019-07-24,81.0475,-2.2657999999999987,-0.027196137951563504
10090,Monero,2019-07-25,80.41,-0.6375000000000028,-0.007865757734661805
10091,Monero,2019-07-26,80.93,0.5200000000000102,0.006466857356050459
10092,Monero,2019-07-27,80.175,-0.7550000000000097,-0.009329049796120259
10093,Monero,2019-07-28,78.905,-1.269999999999996,-0.015840349236046047
10094,Monero,2019-07-29,80.49,1.5849999999999937,0.020087446929852204
10095,Monero,2019-07-30,78.0,-2.489999999999995,-0.030935519940365253
10096,Monero,2019-07-31,78.115,0.11499999999999488,0.0014743589743588803
10097,Monero,2019-08-01,80.66,2.5450000000000017,0.032580170261793606
10098,Monero,2019-08-02,82.11,1.4500000000000028,0.017976692288618867
10099,Monero,2019-08-03,83.97,1.8599999999999994,0.022652539276580175
10100,Monero,2019-08-04,87.86,3.8900000000000006,0.04632606883410739
10101,Monero,2019-08-05,88.036,0.17600000000000193,0.002003186888231312
10102,Monero,2019-08-06,93.7938,5.757800000000003,0.06540278976782221
10103,Monero,2019-08-07,89.61,-4.183800000000005,-0.044606359908650695
10104,Monero,2019-08-08,97.6488,8.038799999999995,0.08970873786407751
10105,Monero,2019-08-09,96.045,-1.6037999999999926,-0.016424164966696853
10106,Monero,2019-08-10,93.725,-2.3200000000000074,-0.024155343849237454
10107,Monero,2019-08-11,90.67,-3.0549999999999926,-0.032595358762336546
10108,Monero,2019-08-12,92.3613,1.6912999999999982,0.018653358332414216
10109,Monero,2019-08-13,91.28,-1.0812999999999988,-0.011707284327959866
10110,Monero,2019-08-14,85.53,-5.75,-0.0629929886064855
10111,Monero,2019-08-15,79.5107,-6.019300000000001,-0.07037647609026076
10112,Monero,2019-08-16,82.44,2.929299999999998,0.036841582327913125
10113,Monero,2019-08-17,82.435,-0.0049999999999954525,-6.065016982037541e-05
10114,Monero,2019-08-18,81.9223,-0.5126999999999953,-0.006219445623824815
10115,Monero,2019-08-19,87.8292,5.906899999999993,0.07210368849507387
10116,Monero,2019-08-20,89.7793,1.9501000000000062,0.02220332190205543
10117,Monero,2019-08-21,85.9,-3.8793000000000006,-0.043209292119675724
10118,Monero,2019-08-22,81.0473,-4.852699999999999,-0.0564924330616996
10119,Monero,2019-08-23,81.947,0.8996999999999957,0.011100925015392171
10120,Monero,2019-08-24,82.1097,0.16270000000000095,0.001985429606941036
10121,Monero,2019-08-25,80.6403,-1.4694000000000074,-0.017895571412391065
10122,Monero,2019-08-26,80.6163,-0.02400000000000091,-0.0002976179404095003
10123,Monero,2019-08-27,79.705,-0.9112999999999971,-0.011304165534761546
10124,Monero,2019-08-28,78.485,-1.2199999999999989,-0.015306442506743623
10125,Monero,2019-08-29,72.0887,-6.3962999999999965,-0.0814971013569471
10126,Monero,2019-08-30,67.131,-4.957700000000003,-0.06877222088898816
10127,Monero,2019-08-31,68.157,1.0259999999999962,0.015283550073736274
10128,Monero,2019-09-01,67.13,-1.027000000000001,-0.015068151473803137
10129,Monero,2019-09-02,71.5567,4.426700000000011,0.06594220169819764
10130,Monero,2019-09-03,73.307,1.7502999999999957,0.02446032307247248
10131,Monero,2019-09-04,74.72,1.4129999999999967,0.019275103332560217
10132,Monero,2019-09-05,73.92,-0.7999999999999972,-0.010706638115631661
10133,Monero,2019-09-06,75.98,2.0600000000000023,0.02786796536796543
10134,Monero,2019-09-07,75.0525,-0.9275000000000091,-0.01220715977888931
10135,Monero,2019-09-08,77.81,2.7575000000000074,0.03674094800306471
10136,Monero,2019-09-09,76.97,-0.8400000000000034,-0.010795527567150742
10137,Monero,2019-09-10,74.9975,-1.9724999999999966,-0.025626867610757387
10138,Monero,2019-09-11,72.247,-2.7505000000000024,-0.0366745558185273
10139,Monero,2019-09-12,74.1995,1.9525000000000006,0.027025343612883557
10140,Monero,2019-09-13,75.0237,0.8242000000000047,0.011107891562611716
10141,Monero,2019-09-14,76.905,1.881299999999996,0.025076075959996613
10142,Monero,2019-09-15,76.1337,-0.7712999999999965,-0.01002925687536571
10143,Monero,2019-09-16,75.57,-0.5637000000000114,-0.007404079927811336
10144,Monero,2019-09-17,75.5345,-0.03549999999999898,-0.0004697631335185415
10145,Monero,2019-09-18,73.81,-1.724499999999992,-0.022830627064453934
10146,Monero,2019-09-19,81.4228,7.612799999999993,0.10314049586776841
10147,Monero,2019-09-20,75.895,-5.527799999999999,-0.06789007501584321
10148,Monero,2019-09-21,73.83,-2.0649999999999977,-0.027208643520653553
10149,Monero,2019-09-22,72.395,-1.4350000000000023,-0.0194365434105378
10150,Monero,2019-09-23,73.005,0.6099999999999994,0.0084259962704607
10151,Monero,2019-09-24,68.43,-4.574999999999989,-0.06266694062050526
10152,Monero,2019-09-25,58.795,-9.635000000000005,-0.14080081835452296
10153,Monero,2019-09-26,59.99,1.1950000000000003,0.020324857555914733
10154,Monero,2019-09-27,57.3305,-2.6595000000000013,-0.044332388731455286
10155,Monero,2019-09-28,57.56,0.2295000000000016,0.004003104804597868
10156,Monero,2019-09-29,57.605,0.0449999999999946,0.0007817929117441835
10157,Monero,2019-09-30,55.9,-1.7049999999999983,-0.02959812516274629
10158,Monero,2019-10-01,56.73,0.8299999999999983,0.014847942754919519
10159,Monero,2019-10-02,55.7395,-0.9904999999999973,-0.017459897761325505
10160,Monero,2019-10-03,55.98,0.24049999999999727,0.004314713982005447
10161,Monero,2019-10-04,56.2453,0.2653000000000034,0.004739192568774531
10162,Monero,2019-10-05,57.2205,0.975200000000001,0.01733833760331982
10163,Monero,2019-10-06,56.5327,-0.6878000000000029,-0.012020167597277198
10164,Monero,2019-10-07,54.685,-1.8476999999999961,-0.03268373879188502
10165,Monero,2019-10-08,56.2057,1.520699999999998,0.027808356953460622
10166,Monero,2019-10-09,55.455,-0.7507000000000019,-0.013356296603369455
10167,Monero,2019-10-10,57.2563,1.8013000000000048,0.032482192768911844
10168,Monero,2019-10-11,55.695,-1.5613000000000028,-0.027268614982106865
10169,Monero,2019-10-12,53.93,-1.7650000000000006,-0.03169045695304784
10170,Monero,2019-10-13,53.597,-0.3329999999999984,-0.0061746708696458485
10171,Monero,2019-10-14,53.23,-0.36700000000000443,-0.0068473981752711355
10172,Monero,2019-10-15,53.05,-0.17999999999999972,-0.0033815517565283226
10173,Monero,2019-10-16,52.06,-0.9899999999999949,-0.018661639962299637
10174,Monero,2019-10-17,54.805,2.7449999999999974,0.052727621974644645
10175,Monero,2019-10-18,55.9682,1.1632000000000033,0.021224340844813394
10176,Monero,2019-10-19,55.2647,-0.7035000000000053,-0.01256963775858444
10177,Monero,2019-10-20,54.578,-0.6866999999999948,-0.01242565326510403
10178,Monero,2019-10-21,56.5255,1.947499999999998,0.03568287588405572
10179,Monero,2019-10-22,57.439,0.9134999999999991,0.016160847758976082
10180,Monero,2019-10-23,56.6,-0.8389999999999986,-0.014606800257664587
10181,Monero,2019-10-24,53.11,-3.490000000000002,-0.06166077738515907
10182,Monero,2019-10-25,53.38,0.2700000000000031,0.005083788363773323
10183,Monero,2019-10-26,59.2855,5.905499999999996,0.11063132259273134
10184,Monero,2019-10-27,56.785,-2.5005000000000024,-0.042177260881665846
10185,Monero,2019-10-28,59.77,2.9850000000000065,0.05256669895218824
10186,Monero,2019-10-29,59.293,-0.47700000000000387,-0.007980592270369846
10187,Monero,2019-10-30,59.6,0.30700000000000216,0.005177676960180788
10188,Monero,2019-10-31,58.49,-1.1099999999999994,-0.018624161073825474
10189,Monero,2019-11-01,58.94,0.44999999999999574,0.007693622841511205
10190,Monero,2019-11-02,60.735,1.7950000000000017,0.03045469969460468
10191,Monero,2019-11-03,62.15,1.4149999999999991,0.023297933646167834
10192,Monero,2019-11-04,63.465,1.3150000000000048,0.021158487530169134
10193,Monero,2019-11-05,63.07,-0.3950000000000031,-0.0062239029386276234
10194,Monero,2019-11-06,62.74,-0.3299999999999983,-0.005232281591882049
10195,Monero,2019-11-07,64.01,1.2700000000000031,0.020242269684412006
10196,Monero,2019-11-08,63.04,-0.970000000000006,-0.015153882205905411
10197,Monero,2019-11-09,60.74,-2.299999999999997,-0.03648477157360397
10198,Monero,2019-11-10,62.004,1.2639999999999958,0.020810009878169167
10199,Monero,2019-11-11,63.8533,1.8492999999999995,0.029825495129346402
10200,Monero,2019-11-12,61.74,-2.1132999999999953,-0.033096175138951245
10201,Monero,2019-11-13,62.3,0.5599999999999952,0.009070294784580435
10202,Monero,2019-11-14,65.32,3.019999999999996,0.04847512038523272
10203,Monero,2019-11-15,65.05,-0.269999999999996,-0.004133496631965605
10204,Monero,2019-11-16,61.89,-3.1599999999999966,-0.04857801691006913
10205,Monero,2019-11-17,61.38,-0.509999999999998,-0.008240426563257408
10206,Monero,2019-11-18,61.675,0.2949999999999946,0.004806125773867631
10207,Monero,2019-11-19,58.396,-3.2789999999999964,-0.05316578840697195
10208,Monero,2019-11-20,58.49,0.0940000000000012,0.0016096992944722999
10209,Monero,2019-11-21,57.905,-0.5850000000000009,-0.010001709693964744
10210,Monero,2019-11-22,54.11,-3.7950000000000017,-0.06553838183231153
10211,Monero,2019-11-23,51.05,-3.0600000000000023,-0.05655146922934762
10212,Monero,2019-11-24,51.63,0.5800000000000054,0.011361410381978576
10213,Monero,2019-11-25,47.35,-4.280000000000001,-0.0828975401898121
10214,Monero,2019-11-26,49.8933,2.543300000000002,0.05371277719112988
10215,Monero,2019-11-27,51.18,1.2866999999999962,0.025789033798125027
10216,Monero,2019-11-28,55.88,4.700000000000003,0.09183274716686207
10217,Monero,2019-11-29,53.69,-2.190000000000005,-0.03919112383679324
10218,Monero,2019-11-30,55.846,2.155999999999999,0.0401564537157757
10219,Monero,2019-12-01,54.785,-1.061,-0.018998674927479087
10220,Monero,2019-12-02,53.48,-1.3049999999999997,-0.02382038879255266
10221,Monero,2019-12-03,54.272,0.7920000000000016,0.01480927449513847
10222,Monero,2019-12-04,53.29,-0.9819999999999993,-0.01809404481132071
10223,Monero,2019-12-05,52.58,-0.7100000000000009,-0.01332332520172641
10224,Monero,2019-12-06,53.74,1.1600000000000037,0.022061620387980208
10225,Monero,2019-12-07,54.18,0.4399999999999977,0.00818756978042412
10226,Monero,2019-12-08,54.35,0.1700000000000017,0.003137689184200765
10227,Monero,2019-12-09,53.77,-0.5799999999999983,-0.010671573137074453
10228,Monero,2019-12-10,54.5733,0.8033000000000001,0.014939557374000323
10229,Monero,2019-12-11,52.68,-1.8933000000000035,-0.03469278933104658
10230,Monero,2019-12-12,53.4088,0.7287999999999997,0.013834472285497279
10231,Monero,2019-12-13,52.97,-0.4388000000000005,-0.008215874537529366
10232,Monero,2019-12-14,52.4437,-0.5262999999999991,-0.009935812724183535
10233,Monero,2019-12-15,51.23,-1.2137000000000029,-0.02314291325745521
10234,Monero,2019-12-16,50.8363,-0.3936999999999955,-0.007684950224477793
10235,Monero,2019-12-17,49.14,-1.6963000000000008,-0.03336788869370899
10236,Monero,2019-12-18,45.08,-4.060000000000002,-0.0826210826210827
10237,Monero,2019-12-19,48.03,2.950000000000003,0.06543921916592721
10238,Monero,2019-12-20,47.4467,-0.5833000000000013,-0.012144493025192604
10239,Monero,2019-12-21,46.63,-0.8166999999999973,-0.017212999007307106
10240,Monero,2019-12-22,44.99,-1.6400000000000006,-0.035170491100150136
10241,Monero,2019-12-23,47.4818,2.491799999999998,0.055385641253611784
10242,Monero,2019-12-24,47.1,-0.38179999999999836,-0.008040975700162933
10243,Monero,2019-12-25,45.83,-1.2700000000000031,-0.02696390658174108
10244,Monero,2019-12-26,46.01,0.17999999999999972,0.003927558367881279
10245,Monero,2019-12-27,45.4223,-0.5876999999999981,-0.01277331014996741
10246,Monero,2019-12-28,45.12,-0.30230000000000246,-0.006655321284919524
10247,Monero,2019-12-29,45.425,0.3049999999999997,0.006759751773049549
10248,Monero,2019-12-30,46.485,1.0600000000000023,0.023335167859108497
10249,Monero,2019-12-31,46.145,-0.3399999999999963,-0.00731418737227052
10250,Monero,2020-01-01,44.65,-1.4950000000000045,-0.03239787625961654
10251,Monero,2020-01-02,45.82,1.1700000000000017,0.026203807390817513
10252,Monero,2020-01-03,45.51,-0.3100000000000023,-0.006765604539502479
10253,Monero,2020-01-04,50.9667,5.456700000000005,0.11990112063282798
10254,Monero,2020-01-05,50.4157,-0.5510000000000019,-0.010810980502955925
10255,Monero,2020-01-06,53.672,3.256299999999996,0.06458900699583658
10256,Monero,2020-01-07,59.0033,5.331300000000006,0.09933112237293207
10257,Monero,2020-01-08,58.38,-0.6233000000000004,-0.010563815922160269
10258,Monero,2020-01-09,59.305,0.9249999999999972,0.015844467283316233
10259,Monero,2020-01-10,58.725,-0.5799999999999983,-0.009779951100244433
10260,Monero,2020-01-11,58.26,-0.4650000000000034,-0.007918263090676891
10261,Monero,2020-01-12,58.155,-0.10499999999999687,-0.0018022657054582725
10262,Monero,2020-01-13,59.1933,1.0382999999999996,0.01785401083311844
10263,Monero,2020-01-14,57.796,-1.3973000000000013,-0.023605712132961032
10264,Monero,2020-01-15,62.1055,4.3095,0.07456398366668981
10265,Monero,2020-01-16,68.4545,6.348999999999997,0.10222927115955915
10266,Monero,2020-01-17,65.6833,-2.7711999999999932,-0.040482364198116905
10267,Monero,2020-01-18,68.7,3.0167,0.045927960379579025
10268,Monero,2020-01-19,66.9792,-1.720799999999997,-0.02504803493449781
10269,Monero,2020-01-20,65.26,-1.7192000000000007,-0.02566766996321246
10270,Monero,2020-01-21,64.9905,-0.26950000000000784,-0.004129635304934265
10271,Monero,2020-01-22,65.97,0.9795000000000016,0.015071433517206412
10272,Monero,2020-01-23,65.07,-0.9000000000000057,-0.013642564802182844
10273,Monero,2020-01-24,62.55,-2.519999999999996,-0.0387275242047026
10274,Monero,2020-01-25,61.65,-0.8999999999999986,-0.014388489208633115
10275,Monero,2020-01-26,61.2088,-0.44120000000000203,-0.007156528791565364
10276,Monero,2020-01-27,64.152,2.9432000000000045,0.048084589144044676
10277,Monero,2020-01-28,65.605,1.453000000000003,0.022649332834518088
10278,Monero,2020-01-29,67.8933,2.2882999999999925,0.03487996341742239
10279,Monero,2020-01-30,69.79,1.8967000000000098,0.027936482686804265
10280,Monero,2020-01-31,74.7233,4.9332999999999885,0.07068777761856992
10281,Monero,2020-02-01,72.31,-2.4132999999999925,-0.03229648583507405
10282,Monero,2020-02-02,73.3333,1.0232999999999919,0.014151569630756367
10283,Monero,2020-02-03,74.89,1.5567000000000064,0.02122773692169866
10284,Monero,2020-02-04,76.6667,1.7767000000000053,0.023724128722125926
10285,Monero,2020-02-05,75.23,-1.4367000000000019,-0.01873955706975783
10286,Monero,2020-02-06,77.82,2.589999999999989,0.034427754885019146
10287,Monero,2020-02-07,78.3,0.480000000000004,0.006168080185042557
10288,Monero,2020-02-08,79.485,1.1850000000000023,0.015134099616858299
10289,Monero,2020-02-09,80.5612,1.0762,0.013539661571365658
10290,Monero,2020-02-10,87.677,7.115800000000007,0.08832787992234481
10291,Monero,2020-02-11,84.815,-2.862000000000009,-0.03264254023290036
10292,Monero,2020-02-12,89.8922,5.077200000000005,0.05986205270294165
10293,Monero,2020-02-13,95.23,5.337800000000001,0.0593800129488431
10294,Monero,2020-02-14,92.5767,-2.6533000000000015,-0.0278620182715531
10295,Monero,2020-02-15,95.23,2.6533000000000015,0.028660559298397947
10296,Monero,2020-02-16,89.14,-6.090000000000003,-0.06395043578704196
10297,Monero,2020-02-17,87.7497,-1.3902999999999963,-0.015596814000448656
10298,Monero,2020-02-18,82.621,-5.128700000000009,-0.05844692346526548
10299,Monero,2020-02-19,86.405,3.784000000000006,0.04579949407535633
10300,Monero,2020-02-20,77.4178,-8.987200000000001,-0.10401249927666223
10301,Monero,2020-02-21,76.505,-0.9128000000000043,-0.011790570127283462
10302,Monero,2020-02-22,80.19,3.6850000000000023,0.04816678648454342
10303,Monero,2020-02-23,78.981,-1.2090000000000032,-0.015076692854470664
10304,Monero,2020-02-24,85.04,6.059000000000012,0.07671465289120194
10305,Monero,2020-02-25,79.35,-5.690000000000012,-0.06690968955785526
10306,Monero,2020-02-26,76.3767,-2.9732999999999947,-0.03747069943289216
10307,Monero,2020-02-27,70.204,-6.172700000000006,-0.08081915034297116
10308,Monero,2020-02-28,70.361,0.1570000000000107,0.0022363398096976184
10309,Monero,2020-02-29,68.43,-1.9309999999999974,-0.027444180725117562
10310,Monero,2020-03-01,66.1067,-2.3233000000000033,-0.03395148326757269
10311,Monero,2020-03-02,64.33,-1.7767000000000053,-0.02687624703698721
10312,Monero,2020-03-03,68.75,4.420000000000002,0.06870822322400127
10313,Monero,2020-03-04,65.91,-2.8400000000000034,-0.04130909090909096
10314,Monero,2020-03-05,65.72,-0.18999999999999773,-0.002882718859050226
10315,Monero,2020-03-06,68.3633,2.6432999999999964,0.04022063298843581
10316,Monero,2020-03-07,69.2633,0.9000000000000057,0.013164958391417736
10317,Monero,2020-03-08,65.576,-3.6873000000000076,-0.05323598500215854
10318,Monero,2020-03-09,56.7393,-8.836699999999993,-0.13475509332682678
10319,Monero,2020-03-10,55.8697,-0.8695999999999984,-0.015326237722354641
10320,Monero,2020-03-11,54.8533,-1.0164000000000044,-0.018192329652745642
10321,Monero,2020-03-12,54.295,-0.5582999999999956,-0.010178056744079123
10322,Monero,2020-03-13,32.5895,-21.7055,-0.3997697762224882
10323,Monero,2020-03-14,36.762,4.172499999999999,0.12803203485785297
10324,Monero,2020-03-15,36.302,-0.46000000000000085,-0.012512920950981998
10325,Monero,2020-03-16,37.8767,1.5747,0.043377775329182855
10326,Monero,2020-03-17,34.3285,-3.5482000000000014,-0.09367764351171037
10327,Monero,2020-03-18,36.41,2.0814999999999984,0.060634749552121336
10328,Monero,2020-03-19,37.2873,0.8773000000000053,0.024095028838231336
10329,Monero,2020-03-20,40.975,3.6876999999999995,0.09889962534160412
10330,Monero,2020-03-21,40.37,-0.605000000000004,-0.014765100671141007
10331,Monero,2020-03-22,41.125,0.7550000000000026,0.01870200644042619
10332,Monero,2020-03-23,38.1107,-3.0142999999999986,-0.07329604863221884
10333,Monero,2020-03-24,44.9218,6.811099999999996,0.17871883749183293
10334,Monero,2020-03-25,47.08,2.158200000000001,0.048043488907390186
10335,Monero,2020-03-26,47.399,0.3190000000000026,0.006775700934579465
10336,Monero,2020-03-27,50.376,2.9769999999999968,0.062807232220089
10337,Monero,2020-03-28,47.217,-3.158999999999999,-0.06270843258694614
10338,Monero,2020-03-29,47.1813,-0.03569999999999851,-0.0007560836139525184
10339,Monero,2020-03-30,44.11,-3.071300000000001,-0.06509570529001962
10340,Monero,2020-03-31,46.4643,2.354300000000002,0.05337338472001818
10341,Monero,2020-04-01,47.67,1.2057000000000002,0.025948954358507414
10342,Monero,2020-04-02,48.6438,0.9737999999999971,0.02042794210195087
10343,Monero,2020-04-03,50.64,1.9962000000000018,0.04103709002997302
10344,Monero,2020-04-04,52.9467,2.3066999999999993,0.04555094786729863
10345,Monero,2020-04-05,54.2508,1.3040999999999983,0.024630430225113242
10346,Monero,2020-04-06,53.2737,-0.9771000000000001,-0.018010794310867273
10347,Monero,2020-04-07,58.8497,5.5760000000000005,0.10466703082383999
10348,Monero,2020-04-08,55.96,-2.8896999999999977,-0.04910305405125259
10349,Monero,2020-04-09,57.7133,1.7532999999999959,0.03133130807719797
10350,Monero,2020-04-10,58.4253,0.7120000000000033,0.012336844366896527
10351,Monero,2020-04-11,53.868,-4.557299999999998,-0.07800216686948969
10352,Monero,2020-04-12,53.85,-0.018000000000000682,-0.00033415014479842853
10353,Monero,2020-04-13,53.447,-0.4029999999999987,-0.00748375116063138
10354,Monero,2020-04-14,53.03,-0.4170000000000016,-0.007802121728067046
10355,Monero,2020-04-15,54.0933,1.0632999999999981,0.020050914576654755
10356,Monero,2020-04-16,52.9522,-1.1411000000000016,-0.021095033950600195
10357,Monero,2020-04-17,57.094,4.1418000000000035,0.07821771333391259
10358,Monero,2020-04-18,56.31,-0.7839999999999989,-0.01373174063824567
10359,Monero,2020-04-19,58.095,1.7849999999999966,0.031699520511454304
10360,Monero,2020-04-20,57.0,-1.0949999999999989,-0.018848437903434045
10361,Monero,2020-04-21,54.6527,-2.347299999999997,-0.04118070175438593
10362,Monero,2020-04-22,55.085,0.4322999999999979,0.007909947724449085
10363,Monero,2020-04-23,57.03,1.9450000000000003,0.03530906780430243
10364,Monero,2020-04-24,59.257,2.2269999999999968,0.039049623005435574
10365,Monero,2020-04-25,60.7143,1.4573000000000036,0.024592875103363276
10366,Monero,2020-04-26,60.4195,-0.29480000000000217,-0.004855528269287479
10367,Monero,2020-04-27,61.7845,1.365000000000002,0.02259204395931791
10368,Monero,2020-04-28,62.27,0.4855000000000018,0.007857957902062784
10369,Monero,2020-04-29,62.1833,-0.08670000000000044,-0.001392323751405189
10370,Monero,2020-04-30,66.325,4.1417,0.06660469933245738
10371,Monero,2020-05-01,62.427,-3.8980000000000032,-0.058771202412363444
10372,Monero,2020-05-02,63.4003,0.9733000000000018,0.015591010300030517
10373,Monero,2020-05-03,64.4955,1.0952000000000055,0.017274366209623748
10374,Monero,2020-05-04,62.355,-2.14050000000001,-0.033188361978742864
10375,Monero,2020-05-05,61.145,-1.2099999999999937,-0.019405019645577615
10376,Monero,2020-05-06,60.36,-0.7850000000000037,-0.012838335105078147
10377,Monero,2020-05-07,57.765,-2.594999999999999,-0.042992047713717674
10378,Monero,2020-05-08,64.605,6.840000000000003,0.11841080238898982
10379,Monero,2020-05-09,63.42,-1.1850000000000023,-0.01834223357325293
10380,Monero,2020-05-10,62.9793,-0.44069999999999965,-0.006948912015137143
10381,Monero,2020-05-11,58.88,-4.0992999999999995,-0.06508964056443944
10382,Monero,2020-05-12,59.23,0.3499999999999943,0.005944293478260754
10383,Monero,2020-05-13,61.455,2.2250000000000014,0.03756542292757059
10384,Monero,2020-05-14,65.0567,3.601700000000008,0.05860711089415038
10385,Monero,2020-05-15,65.25,0.1932999999999936,0.0029712543058593166
10386,Monero,2020-05-16,62.77,-2.479999999999997,-0.038007662835249034
10387,Monero,2020-05-17,65.232,2.461999999999996,0.03922255854707646
10388,Monero,2020-05-18,65.22,-0.012000000000000455,-0.00018395879323029884
10389,Monero,2020-05-19,67.01,1.7900000000000063,0.027445568843913026
10390,Monero,2020-05-20,66.495,-0.5150000000000006,-0.007685420086554262
10391,Monero,2020-05-21,64.578,-1.9170000000000016,-0.028829235280848242
10392,Monero,2020-05-22,61.4933,-3.084700000000005,-0.04776704140729049
10393,Monero,2020-05-23,62.9,1.4067000000000007,0.02287566287709386
10394,Monero,2020-05-24,63.38,0.480000000000004,0.007631160572337148
10395,Monero,2020-05-25,60.2665,-3.113500000000002,-0.049124329441464165
10396,Monero,2020-05-26,61.495,1.2284999999999968,0.020384459027818158
10397,Monero,2020-05-27,61.92,0.42500000000000426,0.006911130986259062
10398,Monero,2020-05-28,64.4857,2.5656999999999925,0.041435723514211764
10399,Monero,2020-05-29,67.1977,2.7120000000000033,0.04205583563487725
10400,Monero,2020-05-30,66.11,-1.0876999999999981,-0.016186565909249828
10401,Monero,2020-05-31,68.3247,2.2147000000000077,0.03350022689456966
10402,Monero,2020-06-01,64.72,-3.6047000000000082,-0.05275837288711127
10403,Monero,2020-06-02,67.8468,3.126800000000003,0.048312731767614414
10404,Monero,2020-06-03,66.54,-1.3067999999999955,-0.019261041051309657
10405,Monero,2020-06-04,67.1995,0.6594999999999942,0.009911331529906642
10406,Monero,2020-06-05,68.2,1.0005000000000024,0.014888503634699735
10407,Monero,2020-06-06,67.1933,-1.0067000000000093,-0.014760997067448822
10408,Monero,2020-06-07,67.63,0.43670000000000186,0.0064991598864767575
10409,Monero,2020-06-08,66.43,-1.1999999999999886,-0.017743604909063904
10410,Monero,2020-06-09,68.4333,2.003299999999996,0.030156555772994142
10411,Monero,2020-06-10,68.03,-0.40330000000000155,-0.005893329709366624
10412,Monero,2020-06-11,69.77,1.7399999999999949,0.025576951344994825
10413,Monero,2020-06-12,63.577,-6.192999999999998,-0.08876307868711475
10414,Monero,2020-06-13,65.69,2.1129999999999995,0.03323528949148269
10415,Monero,2020-06-14,66.55,0.8599999999999994,0.013091794793728129
10416,Monero,2020-06-15,65.3395,-1.2104999999999961,-0.01818933132982714
10417,Monero,2020-06-16,64.49,-0.8495000000000061,-0.01300132385463626
10418,Monero,2020-06-17,65.995,1.5050000000000097,0.023336951465343647
10419,Monero,2020-06-18,65.145,-0.8500000000000085,-0.012879763618456108
10420,Monero,2020-06-19,64.8887,-0.256299999999996,-0.003934300406784774
10421,Monero,2020-06-20,64.055,-0.8336999999999932,-0.012848153838803889
10422,Monero,2020-06-21,64.11,0.05499999999999261,0.0008586371087344613
10423,Monero,2020-06-22,64.48,0.37000000000000455,0.005771330525659035
10424,Monero,2020-06-23,66.15,1.6700000000000017,0.025899503722084383
10425,Monero,2020-06-24,66.8633,0.7132999999999896,0.010783068783068561
10426,Monero,2020-06-25,64.77,-2.0932999999999993,-0.031307159532957485
10427,Monero,2020-06-26,64.26,-0.5099999999999909,-0.007874015748031371
10428,Monero,2020-06-27,63.9967,-0.2633000000000081,-0.004097416744475724
10429,Monero,2020-06-28,62.0467,-1.9499999999999957,-0.030470321125932953
10430,Monero,2020-06-29,63.38,1.3333000000000013,0.021488652901765937
10431,Monero,2020-06-30,64.1933,0.813299999999991,0.012832123698327313
10432,Monero,2020-07-01,63.4733,-0.7199999999999918,-0.011216123801081945
10433,Monero,2020-07-02,64.48,1.0067000000000021,0.01586021208917776
10434,Monero,2020-07-03,65.255,0.7749999999999915,0.012019230769230616
10435,Monero,2020-07-04,62.5933,-2.661699999999996,-0.04078921155467008
10436,Monero,2020-07-05,64.16,1.5666999999999973,0.02502983546162274
10437,Monero,2020-07-06,63.3315,-0.8284999999999982,-0.012913029925187058
10438,Monero,2020-07-07,64.9708,1.6392999999999986,0.025884433496759174
10439,Monero,2020-07-08,64.6933,-0.2775000000000034,-0.00427114950100671
10440,Monero,2020-07-09,66.2167,1.5234000000000094,0.023548033567618365
10441,Monero,2020-07-10,67.29,1.0733000000000033,0.01620890198394065
10442,Monero,2020-07-11,67.3633,0.07329999999998904,0.0010893149056321327
10443,Monero,2020-07-12,68.722,1.358699999999999,0.020169736340113875
10444,Monero,2020-07-13,69.3,0.578000000000003,0.00841069817525697
10445,Monero,2020-07-14,69.18,-0.11999999999999034,-0.0017316017316015841
10446,Monero,2020-07-15,67.8967,-1.2833000000000112,-0.01855015900549306
10447,Monero,2020-07-16,70.6875,2.7908000000000044,0.04110361770159665
10448,Monero,2020-07-17,67.735,-2.9525000000000006,-0.04176834659593276
10449,Monero,2020-07-18,67.55,-0.18500000000000227,-0.0027312320070864704
10450,Monero,2020-07-19,68.34,0.7900000000000063,0.011695040710584914
10451,Monero,2020-07-20,68.9567,0.6166999999999945,0.009023997658764937
10452,Monero,2020-07-21,69.2367,0.28000000000000114,0.00406051913737171
10453,Monero,2020-07-22,69.76,0.5233000000000061,0.0075581302979490506
10454,Monero,2020-07-23,71.525,1.7650000000000006,0.025301032110091715
10455,Monero,2020-07-24,72.95,1.4249999999999972,0.019923103809856624
10456,Monero,2020-07-25,71.665,-1.2849999999999966,-0.017614804660726513
10457,Monero,2020-07-26,73.63,1.9649999999999892,0.027419242307960445
10458,Monero,2020-07-27,78.19,4.560000000000002,0.06193127801168008
10459,Monero,2020-07-28,78.77,0.5799999999999983,0.007417828366798718
10460,Monero,2020-07-29,81.3167,2.5467000000000013,0.0323308366129238
10461,Monero,2020-07-30,79.085,-2.2317000000000036,-0.02744454706105881
10462,Monero,2020-07-31,81.15,2.065000000000012,0.02611114623506361
10463,Monero,2020-08-01,84.71,3.559999999999988,0.043869377695625156
10464,Monero,2020-08-02,89.671,4.961000000000013,0.058564514225003084
10465,Monero,2020-08-03,84.9797,-4.6913000000000125,-0.05231680253370663
10466,Monero,2020-08-04,89.12,4.1403000000000105,0.048721047497225944
10467,Monero,2020-08-05,87.32,-1.8000000000000114,-0.02019748653500908
10468,Monero,2020-08-06,90.3,2.980000000000004,0.034127347686669696
10469,Monero,2020-08-07,95.455,5.155000000000001,0.057087486157253675
10470,Monero,2020-08-08,93.87,-1.5849999999999937,-0.01660468283484362
10471,Monero,2020-08-09,94.909,1.0390000000000015,0.011068498987962139
10472,Monero,2020-08-10,92.8933,-2.0157000000000096,-0.02123823873394526
10473,Monero,2020-08-11,93.745,0.8517000000000081,0.009168583740700509
10474,Monero,2020-08-12,87.12,-6.625,-0.07067043575657372
10475,Monero,2020-08-13,89.465,2.344999999999999,0.02691689623507809
10476,Monero,2020-08-14,92.2003,2.735299999999995,0.030573967473313424
10477,Monero,2020-08-15,91.52,-0.6803000000000026,-0.007378500937632593
10478,Monero,2020-08-16,89.81,-1.7099999999999937,-0.01868444055944052
10479,Monero,2020-08-17,91.3132,1.5031999999999925,0.016737557064914643
10480,Monero,2020-08-18,93.4,2.086800000000011,0.022853212898025888
10481,Monero,2020-08-19,93.69,0.28999999999999204,0.003104925053533103
10482,Monero,2020-08-20,91.305,-2.384999999999991,-0.025456292026897143
10483,Monero,2020-08-21,101.6467,10.341699999999989,0.11326542905645898
10484,Monero,2020-08-22,92.145,-9.5017,-0.093477702670131
10485,Monero,2020-08-23,94.5497,2.4047000000000054,0.026096912474903755
10486,Monero,2020-08-24,91.28,-3.2697000000000003,-0.0345818125282259
10487,Monero,2020-08-25,93.7,2.4200000000000017,0.02651183172655558
10488,Monero,2020-08-26,88.5707,-5.129300000000001,-0.05474172892209184
10489,Monero,2020-08-27,88.925,0.35429999999999495,0.004000194195145745
10490,Monero,2020-08-28,89.8443,0.9193000000000069,0.01033792521788035
10491,Monero,2020-08-29,94.5633,4.718999999999994,0.05252420019967863
10492,Monero,2020-08-30,92.68,-1.8832999999999913,-0.019915760131044458
10493,Monero,2020-08-31,96.5325,3.852499999999992,0.041567760034527224
10494,Monero,2020-09-01,93.16,-3.3725000000000023,-0.03493642037655709
10495,Monero,2020-09-02,96.9267,3.7667,0.0404325890940318
10496,Monero,2020-09-03,91.1233,-5.803399999999996,-0.059874111055055024
10497,Monero,2020-09-04,77.4798,-13.643500000000003,-0.14972570132995622
10498,Monero,2020-09-05,82.3563,4.876500000000007,0.06293898538715914
10499,Monero,2020-09-06,77.625,-4.7313000000000045,-0.057449156895100995
10500,Monero,2020-09-07,80.025,2.4000000000000057,0.03091787439613536
10501,Monero,2020-09-08,82.875,2.8499999999999943,0.03561387066541699
10502,Monero,2020-09-09,84.12,1.2450000000000045,0.015022624434389176
10503,Monero,2020-09-10,84.355,0.23499999999999943,0.002793628150261629
10504,Monero,2020-09-11,85.67,1.3149999999999977,0.015588880327188637
10505,Monero,2020-09-12,84.4582,-1.2117999999999967,-0.014144974903700258
10506,Monero,2020-09-13,86.655,2.196799999999996,0.026010499868573955
10507,Monero,2020-09-14,85.98,-0.6749999999999972,-0.007789510126363086
10508,Monero,2020-09-15,91.705,5.724999999999994,0.06658525238427537
10509,Monero,2020-09-16,91.065,-0.6400000000000006,-0.00697889973283905
10510,Monero,2020-09-17,88.355,-2.7099999999999937,-0.029758963377807035
10511,Monero,2020-09-18,92.83,4.474999999999994,0.05064795427536639
10512,Monero,2020-09-19,92.4968,-0.33320000000000505,-0.003589356888936801
10513,Monero,2020-09-20,94.6053,2.1085000000000065,0.022795383191634766
10514,Monero,2020-09-21,92.5497,-2.0555999999999983,-0.021728169563438815
10515,Monero,2020-09-22,89.25,-3.2997000000000014,-0.035653276023585145
10516,Monero,2020-09-23,92.57,3.319999999999993,0.03719887955182055
10517,Monero,2020-09-24,87.1,-5.469999999999999,-0.0590904180620071
10518,Monero,2020-09-25,91.84,4.740000000000009,0.054420206659012704
10519,Monero,2020-09-26,93.3287,1.4886999999999944,0.016209712543553856
10520,Monero,2020-09-27,94.55,1.2212999999999994,0.013086006769621683
10521,Monero,2020-09-28,97.3843,2.834299999999999,0.029976731887890073
10522,Monero,2020-09-29,94.9237,-2.4605999999999995,-0.02526690647260388
10523,Monero,2020-09-30,100.6225,5.698800000000006,0.060035586476296254
10524,Monero,2020-10-01,108.7175,8.094999999999999,0.08044920370692443
10525,Monero,2020-10-02,103.495,-5.222499999999997,-0.04803734449375674
10526,Monero,2020-10-03,101.69,-1.8050000000000068,-0.017440456060679344
10527,Monero,2020-10-04,103.53,1.8400000000000034,0.018094207886714564
10528,Monero,2020-10-05,105.5167,1.986699999999999,0.0191896068772337
10529,Monero,2020-10-06,113.0025,7.485799999999998,0.07094422020400559
10530,Monero,2020-10-07,106.4225,-6.579999999999998,-0.0582288002477821
10531,Monero,2020-10-08,110.2667,3.8442000000000007,0.03612206065446677
10532,Monero,2020-10-09,111.2675,1.0007999999999981,0.009076176216391785
10533,Monero,2020-10-10,116.04,4.772500000000008,0.04289212932797093
10534,Monero,2020-10-11,115.93,-0.10999999999999943,-0.0009479489831092369
10535,Monero,2020-10-12,125.8167,9.88669999999999,0.08528163546967993
10536,Monero,2020-10-13,129.035,3.2182999999999993,0.02557927524724457
10537,Monero,2020-10-14,128.47,-0.5649999999999977,-0.0043786569535396724
10538,Monero,2020-10-15,128.29,-0.18000000000000682,-0.0014011053164163512
10539,Monero,2020-10-16,131.87,3.5800000000000125,0.027905526541429637
10540,Monero,2020-10-17,120.7525,-11.117500000000007,-0.08430651399105182
10541,Monero,2020-10-18,119.99,-0.7625000000000028,-0.006314569056541264
10542,Monero,2020-10-19,124.565,4.575000000000003,0.03812817734811236
10543,Monero,2020-10-20,125.8067,1.2417000000000087,0.009968289647974915
10544,Monero,2020-10-21,117.98,-7.826700000000002,-0.06221210794019716
10545,Monero,2020-10-22,121.32,3.339999999999989,0.02830988303102222
10546,Monero,2020-10-23,127.3567,6.03670000000001,0.049758489943950046
10547,Monero,2020-10-24,127.595,0.2382999999999953,0.0018711226028940153
10548,Monero,2020-10-25,129.32,1.7249999999999943,0.013519338532073988
10549,Monero,2020-10-26,131.1033,1.783299999999997,0.013789823693164172
10550,Monero,2020-10-27,131.3433,0.2400000000000091,0.0018306175359430465
10551,Monero,2020-10-28,133.845,2.5016999999999996,0.019047031710030193
10552,Monero,2020-10-29,126.295,-7.549999999999997,-0.05640853225746201
10553,Monero,2020-10-30,124.3267,-1.9682999999999993,-0.015584940021378557
10554,Monero,2020-10-31,122.9975,-1.3292000000000002,-0.010691187009709058
10555,Monero,2020-11-01,125.9675,2.969999999999999,0.0241468322526881
10556,Monero,2020-11-02,127.0533,1.0857999999999919,0.00861968364856014
10557,Monero,2020-11-03,118.855,-8.198299999999989,-0.06452646251612504
10558,Monero,2020-11-04,121.36,2.5049999999999955,0.021076101131630942
10559,Monero,2020-11-05,115.79,-5.569999999999993,-0.04589650626235986
10560,Monero,2020-11-06,119.605,3.8149999999999977,0.032947577511011295
10561,Monero,2020-11-07,119.435,-0.1700000000000017,-0.0014213452614857403
10562,Monero,2020-11-08,110.9375,-8.497500000000002,-0.07114748608029475
10563,Monero,2020-11-09,120.2267,9.289199999999994,0.08373363380281695
10564,Monero,2020-11-10,115.8,-4.426699999999997,-0.03681960829000541
10565,Monero,2020-11-11,115.5967,-0.2032999999999987,-0.0017556131260794139
10566,Monero,2020-11-12,113.28,-2.3166999999999973,-0.02004122955067056
10567,Monero,2020-11-13,112.28,-1.0,-0.008827683615819204
10568,Monero,2020-11-14,114.07,1.789999999999992,0.015942287139294464
10569,Monero,2020-11-15,116.7867,2.716700000000003,0.023816077846936068
10570,Monero,2020-11-16,114.4167,-2.3699999999999903,-0.020293406697851624
10571,Monero,2020-11-17,118.415,3.9983000000000004,0.03494507357754584
10572,Monero,2020-11-18,125.44,7.0249999999999915,0.059325254401891625
10573,Monero,2020-11-19,123.7367,-1.7032999999999987,-0.013578603316326543
10574,Monero,2020-11-20,118.4633,-5.273399999999995,-0.04261791368284429
10575,Monero,2020-11-21,121.05,2.5866999999999933,0.021835454524734565
10576,Monero,2020-11-22,128.545,7.49499999999999,0.061916563403552116
10577,Monero,2020-11-23,124.0475,-4.497499999999988,-0.034987747481426634
10578,Monero,2020-11-24,130.12,6.072500000000005,0.04895302202785223
10579,Monero,2020-11-25,135.3625,5.242500000000007,0.04028973255456503
10580,Monero,2020-11-26,128.7475,-6.615000000000009,-0.048868778280543035
10581,Monero,2020-11-27,120.1167,-8.630800000000008,-0.06703664148818433
10582,Monero,2020-11-28,117.3775,-2.7391999999999967,-0.022804489300821573
10583,Monero,2020-11-29,121.7833,4.405799999999999,0.03753530276245454
10584,Monero,2020-11-30,124.32,2.536699999999996,0.020829621138530374
10585,Monero,2020-12-01,130.59,6.27000000000001,0.0504343629343631
10586,Monero,2020-12-02,125.5767,-5.013300000000001,-0.038389616356535705
10587,Monero,2020-12-03,127.83,2.253299999999996,0.017943615336284413
10588,Monero,2020-12-04,133.3667,5.53670000000001,0.04331299381991727
10589,Monero,2020-12-05,126.7325,-6.634200000000007,-0.0497440515510994
10590,Monero,2020-12-06,133.5233,6.790800000000004,0.05358372950900514
10591,Monero,2020-12-07,134.345,0.8216999999999928,0.006153982113983103
10592,Monero,2020-12-08,138.7925,4.447499999999991,0.03310506531690782
10593,Monero,2020-12-09,135.9433,-2.849199999999996,-0.02052848676981822
10594,Monero,2020-12-10,133.1025,-2.8408000000000015,-0.020896947477367367
10595,Monero,2020-12-11,133.99,0.887500000000017,0.006667793617700868
10596,Monero,2020-12-12,141.9775,7.987499999999983,0.05961265766101942
10597,Monero,2020-12-13,146.3467,4.369200000000006,0.03077389022908572
10598,Monero,2020-12-14,151.91,5.563299999999998,0.03801452304698372
10599,Monero,2020-12-15,152.635,0.7249999999999943,0.0047725627015995364
10600,Monero,2020-12-16,150.7567,-1.8782999999999959,-0.012305827628001365
10601,Monero,2020-12-17,158.885,8.128299999999996,0.05391667501344877
10602,Monero,2020-12-18,160.24,1.3550000000000182,0.008528180759669102
10603,Monero,2020-12-19,154.5925,-5.647500000000008,-0.03524400898652025
10604,Monero,2020-12-20,154.0833,-0.5091999999999928,-0.0032938208515936873
10605,Monero,2020-12-21,152.1133,-1.9699999999999989,-0.012785292111474722
10606,Monero,2020-12-22,145.63,-6.483300000000014,-0.04262151961728533
10607,Monero,2020-12-23,156.74,11.110000000000014,0.07628922612099176
10608,Monero,2020-12-24,150.105,-6.635000000000019,-0.04233124920250109
10609,Monero,2020-12-25,157.1525,7.047500000000014,0.04695046800572933
10610,Monero,2020-12-26,159.23,2.0774999999999864,0.013219643340067755
10611,Monero,2020-12-27,168.0775,8.847499999999997,0.05556427808829989
10612,Monero,2020-12-28,157.7275,-10.349999999999994,-0.061578735999761935
10613,Monero,2020-12-29,166.4867,8.759200000000021,0.05553375283320938
10614,Monero,2020-12-30,161.9675,-4.519200000000012,-0.027144510642591935
10615,Monero,2020-12-31,159.775,-2.1924999999999955,-0.013536666306512068
10616,Monero,2021-01-01,156.425,-3.3499999999999943,-0.020966984822406443
10617,Monero,2021-01-02,135.3125,-21.11250000000001,-0.13496883490490652
10618,Monero,2021-01-03,143.4333,8.120800000000003,0.06001515011547354
10619,Monero,2021-01-04,138.73,-4.703300000000013,-0.032790851217953
10620,Monero,2021-01-05,134.115,-4.614999999999981,-0.03326605636848545
10621,Monero,2021-01-06,136.73,2.6149999999999807,0.01949819185027768
10622,Monero,2021-01-07,142.46,5.730000000000018,0.04190740876179344
10623,Monero,2021-01-08,142.915,0.4549999999999841,0.00319387898357415
10624,Monero,2021-01-09,141.8967,-1.0182999999999822,-0.007125214288213111
10625,Monero,2021-01-10,147.9325,6.035799999999995,0.0425365776653015
10626,Monero,2021-01-11,186.105,38.172499999999985,0.2580399844523684
10627,Monero,2021-01-12,158.125,-27.97999999999999,-0.15034523521667875
10628,Monero,2021-01-13,158.9833,0.858300000000014,0.005427984189723345
10629,Monero,2021-01-14,171.2833,12.299999999999983,0.07736661649368193
10630,Monero,2021-01-15,163.9,-7.383299999999991,-0.043105778555177277
10631,Monero,2021-01-16,157.1133,-6.786699999999996,-0.041407565588773565
10632,Monero,2021-01-17,155.4833,-1.6299999999999955,-0.01037467865546704
10633,Monero,2021-01-18,159.93,4.446699999999993,0.028599212905823235
10634,Monero,2021-01-19,156.9733,-2.956700000000012,-0.018487463265178583
10635,Monero,2021-01-20,156.82,-0.15330000000000155,-0.000976599205087747
10636,Monero,2021-01-21,153.0733,-3.746700000000004,-0.02389172299451603
10637,Monero,2021-01-22,130.3133,-22.75999999999999,-0.14868693625864204
10638,Monero,2021-01-23,135.52,5.206700000000012,0.039955246317912474
10639,Monero,2021-01-24,138.9633,3.4432999999999936,0.025408057851239674
10640,Monero,2021-01-25,138.1,-0.8633000000000095,-0.0062124316276312985
10641,Monero,2021-01-26,136.7525,-1.3474999999999966,-0.009757422157856577
10642,Monero,2021-01-27,138.04,1.2874999999999943,0.009414818741887654
10643,Monero,2021-01-28,125.51,-12.529999999999987,-0.0907707910750506
10644,Monero,2021-01-29,135.45,9.939999999999984,0.07919687674288878
10645,Monero,2021-01-30,140.5733,5.1233,0.03782428940568483
10646,Monero,2021-01-31,139.12,-1.4532999999999845,-0.010338378625243783
10647,Monero,2021-02-01,137.52,-1.5999999999999943,-0.011500862564692294
10648,Monero,2021-02-02,143.7533,6.233299999999986,0.04532649796393251
10649,Monero,2021-02-03,152.01,8.256699999999995,0.05743659449904803
10650,Monero,2021-02-04,154.7967,2.786699999999996,0.018332346556147572
10651,Monero,2021-02-05,148.455,-6.341699999999975,-0.04096792761085977
10652,Monero,2021-02-06,155.6825,7.227499999999992,0.048684786635680766
10653,Monero,2021-02-07,151.73,-3.952500000000015,-0.02538820997864255
10654,Monero,2021-02-08,150.575,-1.1550000000000011,-0.007612205892045143
10655,Monero,2021-02-09,163.595,13.02000000000001,0.0864685372737839
10656,Monero,2021-02-10,169.71,6.115000000000009,0.037378892997952384
10657,Monero,2021-02-11,176.1875,6.477499999999992,0.03816805138176882
10658,Monero,2021-02-12,191.125,14.9375,0.0847818375310394
10659,Monero,2021-02-13,201.7125,10.587500000000006,0.05539568345323742
10660,Monero,2021-02-14,242.0525,40.34,0.19998760612257538
10661,Monero,2021-02-15,231.16,-10.892500000000013,-0.045000568058582435
10662,Monero,2021-02-16,228.5275,-2.632499999999993,-0.011388215954317271
10663,Monero,2021-02-17,221.3033,-7.224199999999996,-0.03161195042172171
10664,Monero,2021-02-18,273.5825,52.279199999999975,0.23623325996494393
10665,Monero,2021-02-19,261.375,-12.207499999999982,-0.0446209095976533
10666,Monero,2021-02-20,284.2575,22.882499999999993,0.08754662840746041
10667,Monero,2021-02-21,255.5925,-28.664999999999992,-0.1008416664467956
10668,Monero,2021-02-22,248.5275,-7.064999999999998,-0.02764165615188241
10669,Monero,2021-02-23,225.0575,-23.47,-0.09443622939111362
10670,Monero,2021-02-24,221.52,-3.5374999999999943,-0.01571820534752233
10671,Monero,2021-02-25,205.2525,-16.267500000000013,-0.07343580715059594
10672,Monero,2021-02-26,197.8825,-7.3700000000000045,-0.03590699260666741
10673,Monero,2021-02-27,204.4267,6.544200000000018,0.03307114070218442
10674,Monero,2021-02-28,209.29,4.863299999999981,0.023789945246878164
10675,Monero,2021-03-01,220.0467,10.756699999999995,0.05139614888432309
10676,Monero,2021-03-02,230.7725,10.72580000000002,0.04874328949263962
10677,Monero,2021-03-03,218.8625,-11.909999999999997,-0.051609268868690994
10678,Monero,2021-03-04,218.0733,-0.7892000000000223,-0.003605916956993638
10679,Monero,2021-03-05,217.3833,-0.6899999999999977,-0.0031640737311720013
10680,Monero,2021-03-06,206.5933,-10.789999999999992,-0.04963582759117191
10681,Monero,2021-03-07,205.56,-1.033299999999997,-0.005001614282747813
10682,Monero,2021-03-08,209.2333,3.673300000000012,0.017869721735746413
10683,Monero,2021-03-09,221.285,12.051699999999983,0.05759934006680578
10684,Monero,2021-03-10,225.5367,4.2517,0.019213683711051255
10685,Monero,2021-03-11,220.91,-4.6267,-0.020514177958620428
10686,Monero,2021-03-12,221.3267,0.41669999999999163,0.0018862885337920243
10687,Monero,2021-03-13,222.9067,1.5800000000000125,0.007138768164889342
10688,Monero,2021-03-14,239.39,16.483299999999986,0.07394708189569887
10689,Monero,2021-03-15,232.65,-6.739999999999981,-0.02815489368812385
10690,Monero,2021-03-16,221.0925,-11.557500000000005,-0.049677627337201824
10691,Monero,2021-03-17,230.01,8.91749999999999,0.04033379694019468
10692,Monero,2021-03-18,236.63,6.6200000000000045,0.028781357332289925
10693,Monero,2021-03-19,227.6375,-8.992500000000007,-0.03800236656383382
10694,Monero,2021-03-20,231.76,4.122500000000002,0.0181099335566417
10695,Monero,2021-03-21,231.335,-0.42499999999998295,-0.001833793579565035
10696,Monero,2021-03-22,231.8275,0.4924999999999784,0.002128947197786557
10697,Monero,2021-03-23,217.565,-14.262499999999989,-0.06152203685930269
10698,Monero,2021-03-24,217.66,0.09499999999999886,0.000436651115758524
10699,Monero,2021-03-25,210.465,-7.194999999999993,-0.033056142607736816
10700,Monero,2021-03-26,215.1233,4.658299999999997,0.022133371344404074
10701,Monero,2021-03-27,221.978,6.854700000000008,0.031864051918132574
10702,Monero,2021-03-28,221.905,-0.0730000000000075,-0.00032886141869914454
10703,Monero,2021-03-29,234.566,12.661000000000001,0.0570559473648633
10704,Monero,2021-03-30,233.91,-0.6560000000000059,-0.002796654246566055
10705,Monero,2021-03-31,245.496,11.586000000000013,0.04953187123252545
10706,Monero,2021-04-01,245.09,-0.4060000000000059,-0.0016537947665135055
10707,Monero,2021-04-02,250.4325,5.342500000000001,0.02179811497817119
10708,Monero,2021-04-03,257.8175,7.384999999999991,0.02948898405758027
10709,Monero,2021-04-04,256.17,-1.6474999999999795,-0.0063901790995567476
10710,Monero,2021-04-05,263.58,7.409999999999968,0.028926103759222332
10711,Monero,2021-04-06,265.896,2.316000000000031,0.008786706123378174
10712,Monero,2021-04-07,271.1167,5.220699999999965,0.01963436832445753
10713,Monero,2021-04-08,258.78,-12.336700000000008,-0.0455032832724801
10714,Monero,2021-04-09,270.07,11.29000000000002,0.04362779194682753
10715,Monero,2021-04-10,273.225,3.1550000000000296,0.011682156477950345
10716,Monero,2021-04-11,293.2075,19.98249999999996,0.0731356940250707
10717,Monero,2021-04-12,331.024,37.81650000000002,0.12897521379910137
10718,Monero,2021-04-13,314.236,-16.78800000000001,-0.05071535598627297
10719,Monero,2021-04-14,327.88,13.644000000000005,0.043419595463282334
10720,Monero,2021-04-15,321.004,-6.875999999999976,-0.02097108698304251
10721,Monero,2021-04-16,345.89,24.885999999999967,0.07752551370076377
10722,Monero,2021-04-17,340.846,-5.043999999999983,-0.01458267079129194
10723,Monero,2021-04-18,367.126,26.279999999999973,0.07710226905992723
10724,Monero,2021-04-19,338.484,-28.641999999999996,-0.07801681166683916
10725,Monero,2021-04-20,359.504,21.02000000000004,0.06210042424457307
10726,Monero,2021-04-21,403.048,43.54399999999998,0.12112243535537837
10727,Monero,2021-04-22,375.752,-27.295999999999992,-0.06772394355014788
10728,Monero,2021-04-23,344.76,-30.99200000000002,-0.08247993357320793
10729,Monero,2021-04-24,354.38,9.620000000000005,0.02790346907993979
10730,Monero,2021-04-25,383.47,29.090000000000032,0.08208702522715727
10731,Monero,2021-04-26,354.8267,-28.64330000000001,-0.07469502177484555
10732,Monero,2021-04-27,408.098,53.2713,0.15013329042036583
10733,Monero,2021-04-28,400.154,-7.944000000000017,-0.01946591259942465
10734,Monero,2021-04-29,412.432,12.27800000000002,0.03068318697301553
10735,Monero,2021-04-30,407.3033,-5.128700000000038,-0.01243526205532075
10736,Monero,2021-05-01,421.054,13.750699999999995,0.03376034517766002
10737,Monero,2021-05-02,425.884,4.830000000000041,0.011471212718558776
10738,Monero,2021-05-03,404.3833,-21.500699999999995,-0.05048487381540512
10739,Monero,2021-05-04,411.758,7.374699999999962,0.018236905431060046
10740,Monero,2021-05-05,378.852,-32.906000000000006,-0.07991587291564461
10741,Monero,2021-05-06,417.535,38.68300000000005,0.10210583552416264
10742,Monero,2021-05-07,424.44,6.904999999999973,0.016537535775443812
10743,Monero,2021-05-08,453.814,29.374000000000024,0.06920648383752726
10744,Monero,2021-05-09,476.304,22.489999999999952,0.04955774832861026
10745,Monero,2021-05-10,482.688,6.3840000000000146,0.01340320467600531
10746,Monero,2021-05-11,439.462,-43.226,-0.08955267170511805
10747,Monero,2021-05-12,453.6467,14.18470000000002,0.032277421028439335
10748,Monero,2021-05-13,395.804,-57.842700000000036,-0.12750605261759873
10749,Monero,2021-05-14,402.185,6.381000000000029,0.016121615749209228
10750,Monero,2021-05-15,412.755,10.569999999999993,0.02628143764685409
10751,Monero,2021-05-16,384.21,-28.545000000000016,-0.06915724824653857
10752,Monero,2021-05-17,390.0175,5.8075000000000045,0.015115431664974865
10753,Monero,2021-05-18,341.206,-48.81149999999997,-0.1251520765093873
10754,Monero,2021-05-19,342.118,0.9119999999999777,0.00267287210658651
10755,Monero,2021-05-20,205.788,-136.32999999999998,-0.39848824089933876
10756,Monero,2021-05-21,287.1525,81.36449999999996,0.39538019709604044
10757,Monero,2021-05-22,256.652,-30.500499999999988,-0.1062170797746842
10758,Monero,2021-05-23,231.1525,-25.499499999999983,-0.09935437869176933
10759,Monero,2021-05-24,227.596,-3.5564999999999998,-0.015385946507175952
10760,Monero,2021-05-25,254.828,27.232,0.11965060897379565
10761,Monero,2021-05-26,247.552,-7.2760000000000105,-0.02855259233679197
10762,Monero,2021-05-27,267.892,20.340000000000003,0.08216455532574973
10763,Monero,2021-05-28,250.954,-16.937999999999988,-0.0632269720633688
10764,Monero,2021-05-29,262.342,11.387999999999977,0.04537883436805146
10765,Monero,2021-05-30,242.438,-19.903999999999996,-0.07587042867707039
10766,Monero,2021-05-31,260.252,17.81400000000002,0.07347858009057995
10767,Monero,2021-06-01,272.52,12.267999999999972,0.047138926886248544
10768,Monero,2021-06-02,266.404,-6.1159999999999854,-0.022442389549390818
10769,Monero,2021-06-03,293.66,27.25600000000003,0.10231077611447281
10770,Monero,2021-06-04,309.36,15.699999999999989,0.05346318872165079
10771,Monero,2021-06-05,288.428,-20.932000000000016,-0.06766227049392304
10772,Monero,2021-06-06,263.904,-24.524,-0.08502641907165742
10773,Monero,2021-06-07,272.964,9.060000000000002,0.03433066569661691
10774,Monero,2021-06-08,250.158,-22.80600000000001,-0.0835494790521828
10775,Monero,2021-06-09,253.2,3.0420000000000016,0.012160314681121553
10776,Monero,2021-06-10,273.705,20.504999999999995,0.0809834123222748
10777,Monero,2021-06-11,255.798,-17.906999999999982,-0.06542445333479474
10778,Monero,2021-06-12,242.0225,-13.775499999999994,-0.05385304028960347
10779,Monero,2021-06-13,243.5325,1.509999999999991,0.006239089340867032
10780,Monero,2021-06-14,262.346,18.813500000000005,0.07725252276390226
10781,Monero,2021-06-15,275.256,12.909999999999968,0.049209822143276405
10782,Monero,2021-06-16,278.406,3.150000000000034,0.0114438922312321
10783,Monero,2021-06-17,262.566,-15.840000000000032,-0.05689532553177745
10784,Monero,2021-06-18,275.87,13.30400000000003,0.050669165086111745
10785,Monero,2021-06-19,265.365,-10.504999999999995,-0.038079530213506296
10786,Monero,2021-06-20,268.02,2.6549999999999727,0.010005087332541907
10787,Monero,2021-06-21,264.4425,-3.5774999999999864,-0.013347884486232364
10788,Monero,2021-06-22,203.594,-60.8485,-0.23010106166747024
10789,Monero,2021-06-23,201.004,-2.5900000000000034,-0.012721396504808635
10790,Monero,2021-06-24,218.3075,17.303500000000014,0.08608535153529284
10791,Monero,2021-06-25,226.294,7.986500000000007,0.03658371792082282
10792,Monero,2021-06-26,195.35,-30.944000000000017,-0.13674246776317545
10793,Monero,2021-06-27,202.468,7.117999999999995,0.036437164064499594
10794,Monero,2021-06-28,211.5725,9.104500000000002,0.04496759981824283
10795,Monero,2021-06-29,213.342,1.769500000000022,0.008363563317538958
10796,Monero,2021-06-30,217.63,4.2879999999999825,0.02009918347067141
10797,Monero,2021-07-01,222.0033,4.3733,0.02009511556311172
10798,Monero,2021-07-02,205.76,-16.243300000000005,-0.07316693040148503
10799,Monero,2021-07-03,211.144,5.3840000000000146,0.026166407465007868
10800,Monero,2021-07-04,214.3375,3.1935000000000002,0.015124748986473646
10801,Monero,2021-07-05,219.288,4.950500000000005,0.02309675161835889
10802,Monero,2021-07-06,214.24,-5.048000000000002,-0.02301995549232061
10803,Monero,2021-07-07,221.042,6.8019999999999925,0.031749439880507824
10804,Monero,2021-07-08,214.3833,-6.65870000000001,-0.030124139303842723
10805,Monero,2021-07-09,205.144,-9.239299999999986,-0.04309710691084612
10806,Monero,2021-07-10,212.57,7.425999999999988,0.03619896267987355
10807,Monero,2021-07-11,209.985,-2.5849999999999795,-0.012160700004704261
10808,Monero,2021-07-12,211.61,1.625,0.007738647998666526
10809,Monero,2021-07-13,206.2925,-5.317500000000024,-0.0251287746325789
10810,Monero,2021-07-14,203.6425,-2.6499999999999773,-0.01284583782735671
10811,Monero,2021-07-15,203.38,-0.26250000000001705,-0.0012890236566532876
10812,Monero,2021-07-16,196.738,-6.641999999999996,-0.03265807847379287
10813,Monero,2021-07-17,192.885,-3.8530000000000086,-0.019584421921540418
10814,Monero,2021-07-18,197.3475,4.462500000000006,0.02313554708764287
10815,Monero,2021-07-19,199.1,1.7524999999999977,0.008880274642445452
10816,Monero,2021-07-20,188.9333,-10.166699999999992,-0.05106328478151678
10817,Monero,2021-07-21,182.8375,-6.095799999999997,-0.032264296447476415
10818,Monero,2021-07-22,196.66,13.822499999999991,0.07559991795993715
10819,Monero,2021-07-23,197.73,1.0699999999999932,0.005440862402115387
10820,Monero,2021-07-24,204.114,6.3840000000000146,0.03228645122136253
10821,Monero,2021-07-25,208.41,4.295999999999992,0.02104706193597683
10822,Monero,2021-07-26,213.59,5.180000000000007,0.024854853413943667
10823,Monero,2021-07-27,219.054,5.463999999999999,0.025581721990729944
10824,Monero,2021-07-28,225.48,6.425999999999988,0.029335232408447265
10825,Monero,2021-07-29,234.734,9.254000000000019,0.041041334042930755
10826,Monero,2021-07-30,242.138,7.403999999999996,0.03154208593556951
10827,Monero,2021-07-31,242.094,-0.04400000000001114,-0.00018171455946613957
10828,Monero,2021-08-01,239.404,-2.6899999999999977,-0.011111386486240882
10829,Monero,2021-08-02,235.72,-3.6839999999999975,-0.015388214064927852
10830,Monero,2021-08-03,232.6475,-3.072499999999991,-0.013034532496181916
10831,Monero,2021-08-04,226.13,-6.5175000000000125,-0.028014485433972003
10832,Monero,2021-08-05,244.672,18.542,0.08199708132490158
10833,Monero,2021-08-06,252.9133,8.241299999999995,0.03368305323044729
10834,Monero,2021-08-07,263.155,10.24169999999998,0.040494904775668195
10835,Monero,2021-08-08,271.51,8.355000000000018,0.031749349242841785
10836,Monero,2021-08-09,257.4433,-14.066699999999969,-0.051809141468085795
10837,Monero,2021-08-10,268.8633,11.419999999999959,0.0443592822186476
10838,Monero,2021-08-11,266.5075,-2.355799999999988,-0.008762073514681945
10839,Monero,2021-08-12,267.4733,0.9658000000000015,0.003623913023085734
10840,Monero,2021-08-13,257.545,-9.928299999999979,-0.037118845133327194
10841,Monero,2021-08-14,273.0825,15.537499999999966,0.06032926284726936
10842,Monero,2021-08-15,271.7333,-1.3491999999999962,-0.004940631494145475
10843,Monero,2021-08-16,272.2033,0.4700000000000273,0.0017296371110939734
10844,Monero,2021-08-17,267.07,-5.13330000000002,-0.018858331254617444
10845,Monero,2021-08-18,256.6175,-10.452499999999986,-0.03913767926011902
10846,Monero,2021-08-19,253.0575,-3.5600000000000023,-0.013872787319648916
10847,Monero,2021-08-20,263.88,10.822499999999991,0.04276696007824299
10848,Monero,2021-08-21,281.8775,17.997500000000002,0.06820335000757916
10849,Monero,2021-08-22,289.01,7.132499999999993,0.025303544979645487
10850,Monero,2021-08-23,306.45,17.439999999999998,0.06034393273589145
10851,Monero,2021-08-24,317.8733,11.423299999999983,0.037276227769619696
10852,Monero,2021-08-25,308.15,-9.723299999999995,-0.03058860244002881
10853,Monero,2021-08-26,313.962,5.812000000000012,0.018860944345286512
10854,Monero,2021-08-27,291.225,-22.736999999999966,-0.0724195921799452
10855,Monero,2021-08-28,315.052,23.826999999999998,0.0818164649326123
10856,Monero,2021-08-29,300.824,-14.228000000000009,-0.04516079885225299
10857,Monero,2021-08-30,291.5,-9.324000000000012,-0.030994867430790163
10858,Monero,2021-08-31,281.3767,-10.123299999999972,-0.03472830188679232
10859,Monero,2021-09-01,285.13,3.7532999999999674,0.013339057569443202
10860,Monero,2021-09-02,303.0167,17.88670000000002,0.0627317364009401
10861,Monero,2021-09-03,302.5025,-0.5142000000000166,-0.0016969361754649581
10862,Monero,2021-09-04,303.692,1.1895000000000095,0.003932198907447004
10863,Monero,2021-09-05,304.54,0.8480000000000132,0.0027923027277636514
10864,Monero,2021-09-06,315.0175,10.477499999999964,0.03440434754055288
10865,Monero,2021-09-07,315.17,0.15250000000003183,0.000484100089677586
10866,Monero,2021-09-08,263.62,-51.55000000000001,-0.1635625218136244
10867,Monero,2021-09-09,257.224,-6.396000000000015,-0.02426219558455356
10868,Monero,2021-09-10,261.658,4.434000000000026,0.01723789382017249
10869,Monero,2021-09-11,249.3975,-12.260500000000008,-0.04685696596320388
10870,Monero,2021-09-12,249.5,0.10249999999999204,0.00041099048707371466
10871,Monero,2021-09-13,256.2925,6.792500000000018,0.02722444889779574
10872,Monero,2021-09-14,263.056,6.763499999999965,0.026389769501643512
10873,Monero,2021-09-15,269.1067,6.050700000000006,0.02300156620643512
10874,Monero,2021-09-16,269.4425,0.3358000000000061,0.0012478321795779124
10875,Monero,2021-09-17,264.454,-4.988499999999988,-0.01851415422585523
10876,Monero,2021-09-18,262.54,-1.9139999999999873,-0.0072375536010043096
10877,Monero,2021-09-19,271.6333,9.0933,0.034635865011045874
10878,Monero,2021-09-20,260.44,-11.193300000000022,-0.04120739246624039
10879,Monero,2021-09-21,232.275,-28.164999999999992,-0.10814391030563664
